clf,clf_C,clf_algorithm,clf_base_estimator,clf_bootstrap,clf_cache_size,clf_class_weight,clf_coef0,clf_compute_importances,clf_constant,clf_criterion,clf_degree,clf_dual,clf_fit_intercept,clf_gamma,clf_intercept_scaling,clf_kernel,clf_learning_rate,clf_max_depth,clf_max_features,clf_max_iter,clf_max_leaf_nodes,clf_min_density,clf_min_samples_leaf,clf_min_samples_split,clf_n_estimators,clf_n_jobs,clf_oob_score,clf_penalty,clf_probability,clf_random_state,clf_shrinking,clf_splitter,clf_strategy,clf_tol,clf_verbose,subset,subset_cols_to_exclude,subset_max_grades,subset_n_subsets,subset_num_rows,subset_proportions_positive,subset_subset_size,cv,cv_col_name,cv_col_name,cv_expanding_train,cv_inc_value,cv_indices,cv_n_folds,cv_random_state,cv_shuffle,cv_test_start,cv_test_window_size,cv_train_start,cv_train_window_size,subset_note_excluded_col,subset_note_max_grade,subset_note_prop_positive,subset_note_rows,subset_note_sample_num,cv_note_fold,cv_note_test_end,cv_note_test_start,cv_note_train_end,cv_note_train_start,f1_score,roc_auc,prec@1%,prec@2%,prec@5%,prec@10%,prec@20%,feature_ranked_0,feature_ranked_1,feature_ranked_2,feature_ranked_3,feature_ranked_4,feature_ranked_5,feature_ranked_6,feature_ranked_7,feature_ranked_8,feature_ranked_9,feature_score_0,feature_score_1,feature_score_2,feature_score_3,feature_score_4,feature_score_5,feature_score_6,feature_score_7,feature_score_8,feature_score_9
<class 'sklearn.ensemble.forest.RandomForestClassifier'>,,,,,,,,,,,,,,,,,,5,,,,,,,10,,,,,,,,,,,<class 'diogenes.grid_search.grid_search_helper.SubsetSweepNumRows'>,,,,"[100, 200, 300]",,,<class 'sklearn.cross_validation.StratifiedKFold'>,,,,,,2,,,,,,,,,,100,,0,,,,,0.62745098039215685,0.61769230769230765,0.49,0.0,0.1833333333333334,0.59,0.589090909090909,f1,f2,f11,f8,f14,f3,f10,f5,f7,f9,0.12017922806679363,0.10836030454601349,0.10349932353444116,0.089154518283902015,0.0886518961374059,0.087691742405212728,0.066855874336266496,0.061390393352196114,0.061089791095759585,0.059252924962804446
<class 'sklearn.ensemble.forest.RandomForestClassifier'>,,,,,,,,,,,,,,,,,,5,,,,,,,10,,,,,,,,,,,<class 'diogenes.grid_search.grid_search_helper.SubsetSweepNumRows'>,,,,"[100, 200, 300]",,,<class 'sklearn.cross_validation.StratifiedKFold'>,,,,,,2,,,,,,,,,,100,,1,,,,,0.49056603773584906,0.48999999999999999,1.0,1.0,1.0,0.8200000000000001,0.45925925925925926,f4,f2,f8,f3,f7,f1,f6,f10,f5,f14,0.15567555214552431,0.12290322300912224,0.10560458836006423,0.099935292945192919,0.093472549040000255,0.076976545275268829,0.065478824570331384,0.053862298740836714,0.046397215719417198,0.04177333751199136
<class 'sklearn.ensemble.forest.RandomForestClassifier'>,,,,,,,,,,,,,,,,,,5,,,,,,,10,,,,,,,,,,,<class 'diogenes.grid_search.grid_search_helper.SubsetSweepNumRows'>,,,,"[100, 200, 300]",,,<class 'sklearn.cross_validation.StratifiedKFold'>,,,,,,2,,,,,,,,,,200,,0,,,,,0.37777777777777782,0.37780448717948717,0.0,0.0,0.4,0.4,0.4,f9,f1,f3,f14,f12,f13,f10,f4,f0,f7,0.12475809519175107,0.10355069873968518,0.098855674924451423,0.084853118535814065,0.07654078275547363,0.075603087129756205,0.072619410125672593,0.070691136282170539,0.057610310985927435,0.052028143672724306
<class 'sklearn.ensemble.forest.RandomForestClassifier'>,,,,,,,,,,,,,,,,,,5,,,,,,,10,,,,,,,,,,,<class 'diogenes.grid_search.grid_search_helper.SubsetSweepNumRows'>,,,,"[100, 200, 300]",,,<class 'sklearn.cross_validation.StratifiedKFold'>,,,,,,2,,,,,,,,,,200,,1,,,,,0.40909090909090912,0.51903044871794868,0.0,0.0,0.2,0.4,0.4,f5,f10,f11,f0,f4,f2,f14,f1,f3,f9,0.13945166824160365,0.11062886782980356,0.08542436495429602,0.078045076622740794,0.071697467229019166,0.066961057118860731,0.064908018370530285,0.059638167644166483,0.058390217173088857,0.056750649242065465
<class 'sklearn.ensemble.forest.RandomForestClassifier'>,,,,,,,,,,,,,,,,,,5,,,,,,,10,,,,,,,,,,,<class 'diogenes.grid_search.grid_search_helper.SubsetSweepNumRows'>,,,,"[100, 200, 300]",,,<class 'sklearn.cross_validation.StratifiedKFold'>,,,,,,2,,,,,,,,,,300,,0,,,,,0.54421768707482998,0.54438596491228064,0.0,0.0,0.3348214285714286,0.39749999999999996,0.5630107526881719,f12,f4,f3,f7,f1,f10,f6,f8,f14,f0,0.12199383460647469,0.12016519904480849,0.11293914732883206,0.10956486043403364,0.10433356944452654,0.070264602162962431,0.058073790153713258,0.049828592036476937,0.048425519749328738,0.046585097446068945
<class 'sklearn.ensemble.forest.RandomForestClassifier'>,,,,,,,,,,,,,,,,,,5,,,,,,,10,,,,,,,,,,,<class 'diogenes.grid_search.grid_search_helper.SubsetSweepNumRows'>,,,,"[100, 200, 300]",,,<class 'sklearn.cross_validation.StratifiedKFold'>,,,,,,2,,,,,,,,,,300,,1,,,,,0.4933333333333334,0.48234234234234241,0.755,0.6633333333333333,0.5392857142857143,0.4628571428571429,0.5034482758620689,f10,f14,f5,f9,f1,f13,f4,f12,f7,f6,0.12952321485314594,0.11745738704465658,0.094717077763146362,0.093230499342344925,0.086845538171393705,0.080758054212303768,0.077014661269849433,0.072231095908104531,0.063969746772557193,0.062522078920807536
<class 'sklearn.ensemble.forest.RandomForestClassifier'>,,,,,,,,,,,,,,,,,,5,,,,,,,10,,,,,,,,,,,<class 'diogenes.grid_search.grid_search_helper.SubsetSweepNumRows'>,,,,"[100, 200, 300]",,,<class 'sklearn.cross_validation.StratifiedKFold'>,,,,,,3,,,,,,,,,,100,,0,,,,,0.41176470588235292,0.35614035087719298,0.915,0.83,0.575,0.7,0.4428571428571428,f0,f4,f14,f5,f10,f1,f12,f3,f6,f2,0.19720346805623107,0.092177237921147043,0.086107076737111723,0.086071493349161046,0.084164381915565425,0.072103175502710087,0.068765805552041162,0.067338417541520493,0.065661631966019027,0.047257208607526649
<class 'sklearn.ensemble.forest.RandomForestClassifier'>,,,,,,,,,,,,,,,,,,5,,,,,,,10,,,,,,,,,,,<class 'diogenes.grid_search.grid_search_helper.SubsetSweepNumRows'>,,,,"[100, 200, 300]",,,<class 'sklearn.cross_validation.StratifiedKFold'>,,,,,,3,,,,,,,,,,100,,1,,,,,0.5641025641025641,0.47368421052631576,0.6599999999999999,0.31999999999999995,0.35000000000000003,0.3,0.5571428571428572,f12,f8,f4,f14,f1,f3,f11,f10,f7,f9,0.12780694073095136,0.12215319129929467,0.11986926347539903,0.072927139515316403,0.068611325050750335,0.06325931154904027,0.056250257243475731,0.055337437401450293,0.054185836639894611,0.053217201712891626
<class 'sklearn.ensemble.forest.RandomForestClassifier'>,,,,,,,,,,,,,,,,,,5,,,,,,,10,,,,,,,,,,,<class 'diogenes.grid_search.grid_search_helper.SubsetSweepNumRows'>,,,,"[100, 200, 300]",,,<class 'sklearn.cross_validation.StratifiedKFold'>,,,,,,3,,,,,,,,,,100,,2,,,,,0.68421052631578949,0.5992063492063493,1.0,1.0,0.7,0.6833333333333333,0.8428571428571429,f12,f11,f9,f8,f10,f14,f0,f3,f1,f7,0.15592088160569506,0.11956662600106402,0.084726434910061474,0.08218205146581814,0.081516353289211294,0.073862812517112103,0.069323687097054623,0.065578281236596356,0.060542899578442763,0.05104584887183674
<class 'sklearn.ensemble.forest.RandomForestClassifier'>,,,,,,,,,,,,,,,,,,5,,,,,,,10,,,,,,,,,,,<class 'diogenes.grid_search.grid_search_helper.SubsetSweepNumRows'>,,,,"[100, 200, 300]",,,<class 'sklearn.cross_validation.StratifiedKFold'>,,,,,,3,,,,,,,,,,200,,0,,,,,0.39999999999999997,0.41840277777777779,1.0,1.0,0.9,0.4428571428571428,0.29450549450549446,f12,f6,f9,f3,f1,f10,f11,f2,f8,f13,0.09841842061360101,0.096609437975542153,0.093795114152722667,0.087970827981395633,0.081821274151976528,0.081686771221734608,0.077622984690313035,0.066989882199314191,0.065551302839203282,0.058174720621716733
<class 'sklearn.ensemble.forest.RandomForestClassifier'>,,,,,,,,,,,,,,,,,,5,,,,,,,10,,,,,,,,,,,<class 'diogenes.grid_search.grid_search_helper.SubsetSweepNumRows'>,,,,"[100, 200, 300]",,,<class 'sklearn.cross_validation.StratifiedKFold'>,,,,,,3,,,,,,,,,,200,,1,,,,,0.49056603773584911,0.58525345622119818,0.33999999999999997,0.16,0.6916666666666667,0.6952380952380952,0.6967032967032967,f6,f4,f1,f2,f11,f7,f12,f5,f10,f8,0.17148135062526917,0.12763651178014887,0.091736625732366198,0.081180272693704425,0.077361506489565218,0.069117167933242768,0.067893084586462205,0.060169175218610885,0.050323203647385649,0.045903061346649551
<class 'sklearn.ensemble.forest.RandomForestClassifier'>,,,,,,,,,,,,,,,,,,5,,,,,,,10,,,,,,,,,,,<class 'diogenes.grid_search.grid_search_helper.SubsetSweepNumRows'>,,,,"[100, 200, 300]",,,<class 'sklearn.cross_validation.StratifiedKFold'>,,,,,,3,,,,,,,,,,200,,2,,,,,0.58620689655172409,0.63410138248847925,1.0,0.84,0.6166666666666666,0.30476190476190473,0.4692307692307693,f9,f6,f8,f1,f12,f10,f7,f4,f11,f5,0.13197688530936058,0.12719893083747014,0.088091493608021904,0.073864513276160615,0.068372313367232221,0.063470286222903835,0.059204590071671767,0.055700250039205271,0.054113243176522871,0.052645124531028577
<class 'sklearn.ensemble.forest.RandomForestClassifier'>,,,,,,,,,,,,,,,,,,5,,,,,,,10,,,,,,,,,,,<class 'diogenes.grid_search.grid_search_helper.SubsetSweepNumRows'>,,,,"[100, 200, 300]",,,<class 'sklearn.cross_validation.StratifiedKFold'>,,,,,,3,,,,,,,,,,300,,0,,,,,0.31818181818181823,0.43435534591194969,1.0,0.9933333333333333,0.405,0.39636363636363636,0.2971428571428571,f5,f14,f7,f10,f3,f11,f0,f9,f1,f4,0.12004872508119509,0.098488849957258442,0.091848710746127243,0.091055213977220231,0.073768499112714159,0.069468093950693172,0.069352676955191012,0.06900071168583416,0.063023275216190083,0.061297778206865959
<class 'sklearn.ensemble.forest.RandomForestClassifier'>,,,,,,,,,,,,,,,,,,5,,,,,,,10,,,,,,,,,,,<class 'diogenes.grid_search.grid_search_helper.SubsetSweepNumRows'>,,,,"[100, 200, 300]",,,<class 'sklearn.cross_validation.StratifiedKFold'>,,,,,,3,,,,,,,,,,300,,1,,,,,0.45833333333333331,0.45793269230769229,0.0,0.0,0.2,0.3,0.4,f13,f0,f7,f8,f2,f9,f14,f11,f12,f6,0.11448825435171932,0.10972008901075499,0.088029889719238461,0.085293644175255409,0.076304739306899058,0.075769939188700813,0.069949445308640945,0.065298104092659903,0.064133549897084446,0.056130068801826083
<class 'sklearn.ensemble.forest.RandomForestClassifier'>,,,,,,,,,,,,,,,,,,5,,,,,,,10,,,,,,,,,,,<class 'diogenes.grid_search.grid_search_helper.SubsetSweepNumRows'>,,,,"[100, 200, 300]",,,<class 'sklearn.cross_validation.StratifiedKFold'>,,,,,,3,,,,,,,,,,300,,2,,,,,0.51063829787234039,0.51841243862520459,1.0,0.5100000000000001,0.40499999999999997,0.40444444444444444,0.4947368421052632,f13,f0,f11,f1,f2,f6,f5,f3,f10,f8,0.11657731626625074,0.11470337871861265,0.092895499964650269,0.081893013510142054,0.079898358288517948,0.079114445107057646,0.074532536414860198,0.065019685974641431,0.064293627421123989,0.051953075566958072
<class 'sklearn.ensemble.forest.RandomForestClassifier'>,,,,,,,,,,,,,,,,,,25,,,,,,,10,,,,,,,,,,,<class 'diogenes.grid_search.grid_search_helper.SubsetSweepNumRows'>,,,,"[100, 200, 300]",,,<class 'sklearn.cross_validation.StratifiedKFold'>,,,,,,2,,,,,,,,,,100,,0,,,,,0.46153846153846151,0.57947530864197538,0.93625,0.8725,0.6812499999999999,0.5,0.5314285714285715,f13,f4,f14,f3,f7,f8,f2,f11,f0,f5,0.1767282615099377,0.14495610689397104,0.09157617588771591,0.083229659667942088,0.067133701254283945,0.061564800543115361,0.060292756120383081,0.059904164785587709,0.055197281175820748,0.05021639184528922
<class 'sklearn.ensemble.forest.RandomForestClassifier'>,,,,,,,,,,,,,,,,,,25,,,,,,,10,,,,,,,,,,,<class 'diogenes.grid_search.grid_search_helper.SubsetSweepNumRows'>,,,,"[100, 200, 300]",,,<class 'sklearn.cross_validation.StratifiedKFold'>,,,,,,2,,,,,,,,,,100,,1,,,,,0.39999999999999997,0.45568561872909696,0.7549999999999999,0.5099999999999999,0.022500000000000013,0.14500000000000002,0.39,f9,f8,f14,f10,f13,f6,f12,f3,f5,f4,0.14408215515850342,0.12166412965305784,0.11643210269057436,0.085337050369517109,0.070626158669550812,0.067228648890987369,0.063762962882528113,0.052950110333553166,0.05050253229175751,0.050401073810016975
<class 'sklearn.ensemble.forest.RandomForestClassifier'>,,,,,,,,,,,,,,,,,,25,,,,,,,10,,,,,,,,,,,<class 'diogenes.grid_search.grid_search_helper.SubsetSweepNumRows'>,,,,"[100, 200, 300]",,,<class 'sklearn.cross_validation.StratifiedKFold'>,,,,,,2,,,,,,,,,,200,,0,,,,,0.46575342465753422,0.60798875953432363,1.0,1.0,0.625,0.4636363636363636,0.5741258741258741,f14,f4,f8,f7,f3,f0,f9,f12,f5,f2,0.17203999265359404,0.095430274713363933,0.094923079633399507,0.090433189592396587,0.076543532690758254,0.072934311162040785,0.062037053493636397,0.058000494264702107,0.048148255058914222,0.047899298139718535
<class 'sklearn.ensemble.forest.RandomForestClassifier'>,,,,,,,,,,,,,,,,,,25,,,,,,,10,,,,,,,,,,,<class 'diogenes.grid_search.grid_search_helper.SubsetSweepNumRows'>,,,,"[100, 200, 300]",,,<class 'sklearn.cross_validation.StratifiedKFold'>,,,,,,2,,,,,,,,,,200,,1,,,,,0.42352941176470582,0.50040144520272978,0.75,0.5,0.38095238095238093,0.24083333333333334,0.42694444444444446,f2,f1,f6,f9,f13,f11,f12,f7,f0,f3,0.093762513743617881,0.088601933959953971,0.087941452919087323,0.084944345283863548,0.081637892996883385,0.075390604120400356,0.069890934430863527,0.066791741626800544,0.066334797669712287,0.066296072859556632
<class 'sklearn.ensemble.forest.RandomForestClassifier'>,,,,,,,,,,,,,,,,,,25,,,,,,,10,,,,,,,,,,,<class 'diogenes.grid_search.grid_search_helper.SubsetSweepNumRows'>,,,,"[100, 200, 300]",,,<class 'sklearn.cross_validation.StratifiedKFold'>,,,,,,2,,,,,,,,,,300,,0,,,,,0.35087719298245612,0.47119123365146692,0.051000000000000004,0.202,0.41342105263157897,0.4531578947368421,0.4610886189833558,f9,f8,f0,f4,f13,f11,f5,f7,f12,f3,0.11141585597698862,0.10426497260527919,0.10038028641495238,0.095258378969781371,0.07495835055174549,0.070330425828019655,0.06983592595276901,0.067400317579942443,0.059571890102728474,0.051727883982657652
<class 'sklearn.ensemble.forest.RandomForestClassifier'>,,,,,,,,,,,,,,,,,,25,,,,,,,10,,,,,,,,,,,<class 'diogenes.grid_search.grid_search_helper.SubsetSweepNumRows'>,,,,"[100, 200, 300]",,,<class 'sklearn.cross_validation.StratifiedKFold'>,,,,,,2,,,,,,,,,,300,,1,,,,,0.26666666666666666,0.3961510530137981,0.02722222222222222,0.10999999999999999,0.35833333333333334,0.4132275132275132,0.36015597305919883,f2,f8,f11,f4,f9,f5,f6,f14,f3,f13,0.097954902905223615,0.090167274373930975,0.088547173100604754,0.080355071212826673,0.079449364645495901,0.078993047572920486,0.075690277881081486,0.071508999906875467,0.063393327068666183,0.055053216552479613
<class 'sklearn.ensemble.forest.RandomForestClassifier'>,,,,,,,,,,,,,,,,,,25,,,,,,,10,,,,,,,,,,,<class 'diogenes.grid_search.grid_search_helper.SubsetSweepNumRows'>,,,,"[100, 200, 300]",,,<class 'sklearn.cross_validation.StratifiedKFold'>,,,,,,3,,,,,,,,,,100,,0,,,,,0.55172413793103448,0.65798611111111116,1.0,1.0,1.0,0.9416666666666667,0.8,f7,f12,f2,f13,f1,f11,f8,f3,f5,f4,0.15732559935115692,0.11030056415609719,0.10212177794939685,0.096399200459064721,0.079904714002700453,0.075272490726583402,0.070308212942238157,0.066442013113577156,0.051364466063316162,0.046931583459433088
<class 'sklearn.ensemble.forest.RandomForestClassifier'>,,,,,,,,,,,,,,,,,,25,,,,,,,10,,,,,,,,,,,<class 'diogenes.grid_search.grid_search_helper.SubsetSweepNumRows'>,,,,"[100, 200, 300]",,,<class 'sklearn.cross_validation.StratifiedKFold'>,,,,,,3,,,,,,,,,,100,,1,,,,,0.32000000000000001,0.44117647058823528,0.6699999999999999,0.33999999999999997,0.325,0.5433333333333333,0.5377777777777777,f11,f9,f3,f5,f0,f10,f7,f13,f1,f12,0.14940634760047761,0.11903864726025082,0.11255208308491564,0.098863203236167069,0.077931699486567224,0.077176150344651293,0.060646496493740189,0.055678690531091833,0.045417815364448791,0.0399761195393184
<class 'sklearn.ensemble.forest.RandomForestClassifier'>,,,,,,,,,,,,,,,,,,25,,,,,,,10,,,,,,,,,,,<class 'diogenes.grid_search.grid_search_helper.SubsetSweepNumRows'>,,,,"[100, 200, 300]",,,<class 'sklearn.cross_validation.StratifiedKFold'>,,,,,,3,,,,,,,,,,100,,2,,,,,0.41379310344827586,0.49448529411764708,1.0,1.0,0.9458333333333333,0.8083333333333333,0.6666666666666666,f12,f1,f4,f9,f7,f3,f11,f2,f5,f8,0.10628398099134047,0.10184909326497264,0.090251615636286059,0.077890518362012467,0.077007275611922707,0.07100050537362694,0.066240420550920012,0.062870200312719435,0.061064920180042837,0.057856729115140192
<class 'sklearn.ensemble.forest.RandomForestClassifier'>,,,,,,,,,,,,,,,,,,25,,,,,,,10,,,,,,,,,,,<class 'diogenes.grid_search.grid_search_helper.SubsetSweepNumRows'>,,,,"[100, 200, 300]",,,<class 'sklearn.cross_validation.StratifiedKFold'>,,,,,,3,,,,,,,,,,200,,0,,,,,0.3571428571428571,0.38888888888888884,0.8511111111111112,0.7022222222222222,0.31875,0.17916666666666664,0.21235294117647063,f3,f0,f4,f13,f14,f6,f2,f7,f5,f12,0.092439438112384947,0.090351322594975345,0.081337372127438551,0.079978775359918902,0.071437020553355796,0.068029818742161241,0.066834160262564363,0.064978231641392228,0.064086824466006748,0.062875209610083041
<class 'sklearn.ensemble.forest.RandomForestClassifier'>,,,,,,,,,,,,,,,,,,25,,,,,,,10,,,,,,,,,,,<class 'diogenes.grid_search.grid_search_helper.SubsetSweepNumRows'>,,,,"[100, 200, 300]",,,<class 'sklearn.cross_validation.StratifiedKFold'>,,,,,,3,,,,,,,,,,200,,1,,,,,0.46428571428571425,0.56765232974910396,1.0,0.983,0.8825000000000001,0.7826136363636363,0.7140909090909091,f9,f5,f2,f3,f4,f6,f14,f13,f7,f0,0.12180611414814638,0.09947856049516389,0.084626717291073766,0.080109543425968516,0.079914930888114841,0.065919150404715063,0.06347678519615936,0.063072549737611575,0.058414045346294553,0.054081024960735316
<class 'sklearn.ensemble.forest.RandomForestClassifier'>,,,,,,,,,,,,,,,,,,25,,,,,,,10,,,,,,,,,,,<class 'diogenes.grid_search.grid_search_helper.SubsetSweepNumRows'>,,,,"[100, 200, 300]",,,<class 'sklearn.cross_validation.StratifiedKFold'>,,,,,,3,,,,,,,,,,200,,2,,,,,0.25925925925925924,0.35714285714285715,0.78,0.56,0.008333333333333337,0.10000000000000002,0.25592885375494073,f7,f5,f11,f2,f9,f4,f13,f14,f0,f3,0.11142693466035973,0.097184355814238926,0.094919356908545277,0.088428358247451322,0.078578563300987864,0.06883612383252595,0.059622551658209899,0.058954771053490639,0.058919269260882166,0.054745184316181562
<class 'sklearn.ensemble.forest.RandomForestClassifier'>,,,,,,,,,,,,,,,,,,25,,,,,,,10,,,,,,,,,,,<class 'diogenes.grid_search.grid_search_helper.SubsetSweepNumRows'>,,,,"[100, 200, 300]",,,<class 'sklearn.cross_validation.StratifiedKFold'>,,,,,,3,,,,,,,,,,300,,0,,,,,0.44444444444444442,0.52395330112721417,1.0,0.8333333333333333,0.5025252525252525,0.5151515151515151,0.5404040404040403,f5,f2,f11,f7,f0,f13,f8,f14,f1,f4,0.09003015301903558,0.088574566628591783,0.081738637522365348,0.080747701848042433,0.072999180936202598,0.071786436444508078,0.067239436753517706,0.066474049939009891,0.064059556275192553,0.059316102673481655
<class 'sklearn.ensemble.forest.RandomForestClassifier'>,,,,,,,,,,,,,,,,,,25,,,,,,,10,,,,,,,,,,,<class 'diogenes.grid_search.grid_search_helper.SubsetSweepNumRows'>,,,,"[100, 200, 300]",,,<class 'sklearn.cross_validation.StratifiedKFold'>,,,,,,3,,,,,,,,,,300,,1,,,,,0.44444444444444442,0.54367954911433169,0.7777777777777777,0.5555555555555555,0.37058823529411766,0.46372549019607845,0.65,f13,f9,f8,f7,f4,f14,f0,f5,f11,f6,0.092177683161834195,0.090558668071860776,0.087670314551904577,0.07932356559865883,0.079048161034430214,0.074878566538204114,0.074787826279532649,0.069565212253537539,0.068300297490529738,0.063499079466317554
<class 'sklearn.ensemble.forest.RandomForestClassifier'>,,,,,,,,,,,,,,,,,,25,,,,,,,10,,,,,,,,,,,<class 'diogenes.grid_search.grid_search_helper.SubsetSweepNumRows'>,,,,"[100, 200, 300]",,,<class 'sklearn.cross_validation.StratifiedKFold'>,,,,,,3,,,,,,,,,,300,,2,,,,,0.22535211267605634,0.36996779388083739,0.5,0.0,0.07500000000000001,0.2,0.29307692307692307,f13,f12,f7,f14,f3,f2,f4,f10,f1,f5,0.09682493812432548,0.092848689034269599,0.086981272475688667,0.078204176234002637,0.074110783581098322,0.070058082309826075,0.067358510632910817,0.065254344834772091,0.063757743536896977,0.060183207982948309
<class 'sklearn.ensemble.forest.RandomForestClassifier'>,,,,,,,,,,,,,,,,,,5,,,,,,,100,,,,,,,,,,,<class 'diogenes.grid_search.grid_search_helper.SubsetSweepNumRows'>,,,,"[100, 200, 300]",,,<class 'sklearn.cross_validation.StratifiedKFold'>,,,,,,2,,,,,,,,,,100,,0,,,,,0.34146341463414637,0.47839506172839508,1.0,1.0,0.8166666666666665,0.6066666666666667,0.4909090909090909,f5,f9,f3,f12,f1,f4,f6,f11,f8,f14,0.098223236391473914,0.09421223843715304,0.082731538030552818,0.078348883724710619,0.071087975119220367,0.067096290139025697,0.065858655085836604,0.064961881085018547,0.060215477301096144,0.059285688077309599
<class 'sklearn.ensemble.forest.RandomForestClassifier'>,,,,,,,,,,,,,,,,,,5,,,,,,,100,,,,,,,,,,,<class 'diogenes.grid_search.grid_search_helper.SubsetSweepNumRows'>,,,,"[100, 200, 300]",,,<class 'sklearn.cross_validation.StratifiedKFold'>,,,,,,2,,,,,,,,,,100,,1,,,,,0.41666666666666663,0.39632107023411373,1.0,1.0,0.42499999999999993,0.385,0.4088888888888889,f9,f13,f1,f7,f3,f12,f5,f2,f4,f10,0.089993536061229631,0.087882325078586537,0.079680883733019583,0.074481109443072235,0.072736438814455392,0.069238620674650878,0.066534127945205523,0.063341189618061206,0.061971988394562548,0.060019072548770203
<class 'sklearn.ensemble.forest.RandomForestClassifier'>,,,,,,,,,,,,,,,,,,5,,,,,,,100,,,,,,,,,,,<class 'diogenes.grid_search.grid_search_helper.SubsetSweepNumRows'>,,,,"[100, 200, 300]",,,<class 'sklearn.cross_validation.StratifiedKFold'>,,,,,,2,,,,,,,,,,200,,0,,,,,0.38095238095238099,0.46033653846153844,1.0,0.5,0.4,0.5,0.5,f11,f8,f6,f2,f4,f12,f1,f13,f7,f0,0.096552049479359775,0.089108863092002583,0.079408854775898832,0.069118306725559422,0.067300886145274658,0.066760948040903753,0.066522043940356171,0.066234399425243812,0.065597249106260802,0.064951059676698022
<class 'sklearn.ensemble.forest.RandomForestClassifier'>,,,,,,,,,,,,,,,,,,5,,,,,,,100,,,,,,,,,,,<class 'diogenes.grid_search.grid_search_helper.SubsetSweepNumRows'>,,,,"[100, 200, 300]",,,<class 'sklearn.cross_validation.StratifiedKFold'>,,,,,,2,,,,,,,,,,200,,1,,,,,0.46938775510204084,0.45192307692307693,0.0,0.0,0.2,0.3,0.4,f2,f5,f9,f14,f10,f7,f6,f4,f3,f11,0.09059691661491337,0.084156079292066005,0.080973055219387149,0.074521727464004733,0.073612204261598993,0.071120592752678014,0.066712709224822545,0.066271003983998808,0.063744042648995622,0.060322882801362263
<class 'sklearn.ensemble.forest.RandomForestClassifier'>,,,,,,,,,,,,,,,,,,5,,,,,,,100,,,,,,,,,,,<class 'diogenes.grid_search.grid_search_helper.SubsetSweepNumRows'>,,,,"[100, 200, 300]",,,<class 'sklearn.cross_validation.StratifiedKFold'>,,,,,,2,,,,,,,,,,300,,0,,,,,0.26785714285714285,0.41257995735607678,0.255,0.33166666666666667,0.3991071428571428,0.39749999999999996,0.33118279569892467,f7,f8,f2,f9,f14,f12,f5,f1,f6,f11,0.09131898723474477,0.081206033731600624,0.075087241751598144,0.074542716707082055,0.070915281611746192,0.070727503174365727,0.070287959839217887,0.067543586096676198,0.066951556294621878,0.061901104067207349
<class 'sklearn.ensemble.forest.RandomForestClassifier'>,,,,,,,,,,,,,,,,,,5,,,,,,,100,,,,,,,,,,,<class 'diogenes.grid_search.grid_search_helper.SubsetSweepNumRows'>,,,,"[100, 200, 300]",,,<class 'sklearn.cross_validation.StratifiedKFold'>,,,,,,2,,,,,,,,,,300,,1,,,,,0.28037383177570091,0.46367287331142748,0.0,0.0,0.32589285714285715,0.3285714285714286,0.43632183908045974,f1,f8,f3,f2,f4,f7,f9,f13,f12,f14,0.10243624416641295,0.087479854320061071,0.079374297277717137,0.076796122824191348,0.071679300582494707,0.06700321386504017,0.063276276422585778,0.062880184605218117,0.062750072905760068,0.062516305516667037
<class 'sklearn.ensemble.forest.RandomForestClassifier'>,,,,,,,,,,,,,,,,,,5,,,,,,,100,,,,,,,,,,,<class 'diogenes.grid_search.grid_search_helper.SubsetSweepNumRows'>,,,,"[100, 200, 300]",,,<class 'sklearn.cross_validation.StratifiedKFold'>,,,,,,3,,,,,,,,,,100,,0,,,,,0.26666666666666666,0.51136363636363635,1.0,1.0,1.0,0.6,0.2952380952380952,f9,f8,f5,f0,f6,f3,f14,f13,f2,f4,0.11535826005793752,0.11403355620076816,0.10208817239476557,0.085418212688979131,0.067160952230382279,0.064283231928020934,0.063800398875903261,0.06273492642896647,0.058055267040543451,0.051531381692390882
<class 'sklearn.ensemble.forest.RandomForestClassifier'>,,,,,,,,,,,,,,,,,,5,,,,,,,100,,,,,,,,,,,<class 'diogenes.grid_search.grid_search_helper.SubsetSweepNumRows'>,,,,"[100, 200, 300]",,,<class 'sklearn.cross_validation.StratifiedKFold'>,,,,,,3,,,,,,,,,,100,,1,,,,,0.31578947368421051,0.54545454545454541,0.6599999999999999,0.31999999999999995,0.0,0.10000000000000002,0.40952380952380957,f9,f2,f0,f14,f11,f8,f7,f4,f1,f10,0.12643519127982902,0.11426834768117,0.1009549181488119,0.087751459527679904,0.084416510566725819,0.075168169485308536,0.070629251043653266,0.048423024540287504,0.047601534253057548,0.046154454597539779
<class 'sklearn.ensemble.forest.RandomForestClassifier'>,,,,,,,,,,,,,,,,,,5,,,,,,,100,,,,,,,,,,,<class 'diogenes.grid_search.grid_search_helper.SubsetSweepNumRows'>,,,,"[100, 200, 300]",,,<class 'sklearn.cross_validation.StratifiedKFold'>,,,,,,3,,,,,,,,,,100,,2,,,,,0.16666666666666669,0.54112554112554101,1.0,1.0,0.7,0.6833333333333333,0.5285714285714286,f9,f11,f13,f6,f10,f4,f2,f0,f1,f8,0.11867962477929934,0.098491134201297403,0.08928846715308271,0.081085277602211528,0.075964785456913042,0.070812854857520785,0.067148760964358234,0.065420529530548444,0.058175695408419194,0.057396754988722633
<class 'sklearn.ensemble.forest.RandomForestClassifier'>,,,,,,,,,,,,,,,,,,5,,,,,,,100,,,,,,,,,,,<class 'diogenes.grid_search.grid_search_helper.SubsetSweepNumRows'>,,,,"[100, 200, 300]",,,<class 'sklearn.cross_validation.StratifiedKFold'>,,,,,,3,,,,,,,,,,200,,0,,,,,0.43076923076923079,0.48138528138528142,1.0,0.82,0.7,0.4428571428571428,0.5153846153846153,f11,f9,f5,f14,f4,f13,f6,f3,f1,f2,0.095952039343732393,0.091444639855357612,0.086439087650519275,0.078117609663363022,0.076690604399955689,0.068829093002558003,0.066340297093714348,0.06234864312777226,0.060088764281283666,0.060056771186460453
<class 'sklearn.ensemble.forest.RandomForestClassifier'>,,,,,,,,,,,,,,,,,,5,,,,,,,100,,,,,,,,,,,<class 'diogenes.grid_search.grid_search_helper.SubsetSweepNumRows'>,,,,"[100, 200, 300]",,,<class 'sklearn.cross_validation.StratifiedKFold'>,,,,,,3,,,,,,,,,,200,,1,,,,,0.47368421052631576,0.42279411764705882,0.33999999999999997,0.0,0.0,0.30476190476190473,0.3791208791208791,f14,f0,f13,f1,f7,f4,f2,f3,f11,f9,0.098142387362533501,0.092993756788729842,0.084901348269567384,0.078981981765170448,0.071901730454409091,0.070546953984378866,0.069147796369519204,0.065739181746427747,0.061456392511101535,0.058248692954563724
<class 'sklearn.ensemble.forest.RandomForestClassifier'>,,,,,,,,,,,,,,,,,,5,,,,,,,100,,,,,,,,,,,<class 'diogenes.grid_search.grid_search_helper.SubsetSweepNumRows'>,,,,"[100, 200, 300]",,,<class 'sklearn.cross_validation.StratifiedKFold'>,,,,,,3,,,,,,,,,,200,,2,,,,,0.50666666666666671,0.38786764705882354,1.0,0.84,0.38333333333333336,0.3904761904761905,0.3791208791208791,f11,f8,f10,f1,f7,f3,f14,f9,f2,f6,0.1098671399216207,0.098779985353838584,0.07444111001259511,0.068010889756810244,0.066897974893481371,0.06535162325957132,0.063961267628723839,0.062970901792885461,0.061924768389876449,0.060993017003693618
<class 'sklearn.ensemble.forest.RandomForestClassifier'>,,,,,,,,,,,,,,,,,,5,,,,,,,100,,,,,,,,,,,<class 'diogenes.grid_search.grid_search_helper.SubsetSweepNumRows'>,,,,"[100, 200, 300]",,,<class 'sklearn.cross_validation.StratifiedKFold'>,,,,,,3,,,,,,,,,,300,,0,,,,,0.50485436893203883,0.49411764705882355,0.0,0.006666666666666673,0.405,0.4954545454545454,0.3466666666666666,f10,f1,f14,f9,f5,f11,f3,f13,f0,f2,0.082973325350800972,0.080672689122334995,0.079882268811621041,0.077130751176394938,0.069720487929985017,0.066592999390577001,0.065566095044165384,0.064777403685731177,0.063941913721086416,0.062833759622875796
<class 'sklearn.ensemble.forest.RandomForestClassifier'>,,,,,,,,,,,,,,,,,,5,,,,,,,100,,,,,,,,,,,<class 'diogenes.grid_search.grid_search_helper.SubsetSweepNumRows'>,,,,"[100, 200, 300]",,,<class 'sklearn.cross_validation.StratifiedKFold'>,,,,,,3,,,,,,,,,,300,,1,,,,,0.42222222222222222,0.48239999999999994,0.0,0.5,0.6,0.5,0.5,f4,f9,f1,f14,f12,f13,f10,f6,f0,f7,0.09052452599036967,0.08693167180905581,0.084408071049630953,0.080528595226200053,0.068419647956669966,0.066286528866799449,0.065476250918740153,0.063147967344821115,0.062207686339143822,0.062051341961114177
<class 'sklearn.ensemble.forest.RandomForestClassifier'>,,,,,,,,,,,,,,,,,,5,,,,,,,100,,,,,,,,,,,<class 'diogenes.grid_search.grid_search_helper.SubsetSweepNumRows'>,,,,"[100, 200, 300]",,,<class 'sklearn.cross_validation.StratifiedKFold'>,,,,,,3,,,,,,,,,,300,,2,,,,,0.48979591836734693,0.48857142857142855,1.0,0.5100000000000001,0.40499999999999997,0.40444444444444444,0.39368421052631586,f9,f1,f4,f10,f14,f13,f11,f2,f8,f7,0.12081783057910324,0.10612563095969613,0.078260033928336498,0.073637556968670692,0.067641954628047993,0.065318409448871378,0.060284548933987346,0.059420752542300177,0.058748979147813449,0.058251272033410954
<class 'sklearn.ensemble.forest.RandomForestClassifier'>,,,,,,,,,,,,,,,,,,25,,,,,,,100,,,,,,,,,,,<class 'diogenes.grid_search.grid_search_helper.SubsetSweepNumRows'>,,,,"[100, 200, 300]",,,<class 'sklearn.cross_validation.StratifiedKFold'>,,,,,,2,,,,,,,,,,100,,0,,,,,0.076923076923076927,0.58658743633276722,0.5,0.0,0.0,0.08333333333333336,0.393939393939394,f6,f2,f7,f3,f4,f10,f13,f9,f12,f8,0.1126610213754461,0.10614226490718895,0.085011168129424969,0.075103317842747541,0.071727241218730781,0.069353472198400393,0.067927274173821814,0.062797642833873277,0.05434507021941367,0.054310374697124748
<class 'sklearn.ensemble.forest.RandomForestClassifier'>,,,,,,,,,,,,,,,,,,25,,,,,,,100,,,,,,,,,,,<class 'diogenes.grid_search.grid_search_helper.SubsetSweepNumRows'>,,,,"[100, 200, 300]",,,<class 'sklearn.cross_validation.StratifiedKFold'>,,,,,,2,,,,,,,,,,100,,1,,,,,0.25806451612903231,0.61035653650254662,0.5,0.0,0.03333333333333334,0.2,0.404040404040404,f5,f8,f12,f3,f14,f4,f9,f13,f6,f2,0.11869241207137492,0.09443487589141214,0.090965591926221223,0.086590684410772181,0.077562536820191791,0.076916615768126959,0.063230472370520652,0.059381406841723418,0.058383497380240061,0.055215079610386637
<class 'sklearn.ensemble.forest.RandomForestClassifier'>,,,,,,,,,,,,,,,,,,25,,,,,,,100,,,,,,,,,,,<class 'diogenes.grid_search.grid_search_helper.SubsetSweepNumRows'>,,,,"[100, 200, 300]",,,<class 'sklearn.cross_validation.StratifiedKFold'>,,,,,,2,,,,,,,,,,200,,0,,,,,0.59999999999999998,0.56129807692307676,0.75,0.5,0.7111111111111111,0.6,0.5984654731457801,f14,f11,f8,f6,f13,f0,f9,f7,f2,f1,0.097481614620238091,0.092256816264084981,0.090249737889607995,0.076493389595064687,0.071385470488114347,0.066585588374559371,0.063930972225290747,0.060655686550262294,0.060072015129998366,0.058637943055285656
<class 'sklearn.ensemble.forest.RandomForestClassifier'>,,,,,,,,,,,,,,,,,,25,,,,,,,100,,,,,,,,,,,<class 'diogenes.grid_search.grid_search_helper.SubsetSweepNumRows'>,,,,"[100, 200, 300]",,,<class 'sklearn.cross_validation.StratifiedKFold'>,,,,,,2,,,,,,,,,,200,,1,,,,,0.55045871559633019,0.50681089743589736,0.0,0.25,0.8,0.6041666666666666,0.5677830940988836,f0,f1,f10,f8,f11,f2,f9,f6,f7,f3,0.097323812348075356,0.083268479010500732,0.074728119256377276,0.073024209069177948,0.068275341264404224,0.067329473927946915,0.067208213526525187,0.065910993167897725,0.06548720041473971,0.062049798873709358
<class 'sklearn.ensemble.forest.RandomForestClassifier'>,,,,,,,,,,,,,,,,,,25,,,,,,,100,,,,,,,,,,,<class 'diogenes.grid_search.grid_search_helper.SubsetSweepNumRows'>,,,,"[100, 200, 300]",,,<class 'sklearn.cross_validation.StratifiedKFold'>,,,,,,2,,,,,,,,,,300,,0,,,,,0.48979591836734704,0.46335171677637427,0.5,0.0,0.40178571428571425,0.33653846153846156,0.3110016420361248,f0,f3,f2,f4,f6,f7,f8,f14,f1,f9,0.08061362963836953,0.080578713838618365,0.080364096916219041,0.075393916956461637,0.074197408206923582,0.071430084488082399,0.068791727684049897,0.063558713066190708,0.063251864297150601,0.062206040867239291
<class 'sklearn.ensemble.forest.RandomForestClassifier'>,,,,,,,,,,,,,,,,,,25,,,,,,,100,,,,,,,,,,,<class 'diogenes.grid_search.grid_search_helper.SubsetSweepNumRows'>,,,,"[100, 200, 300]",,,<class 'sklearn.cross_validation.StratifiedKFold'>,,,,,,2,,,,,,,,,,300,,1,,,,,0.47945205479452052,0.4119373776908023,0.24999999999999997,0.3333333333333333,0.26785714285714285,0.26666666666666666,0.33964646464646464,f9,f11,f5,f12,f0,f13,f1,f10,f2,f14,0.090463575591425108,0.070620196708737565,0.069905921412347694,0.069128826260346582,0.068936240384986067,0.068537092691811102,0.067871882129400291,0.067421456282530781,0.066917765535762716,0.065792291439769543
<class 'sklearn.ensemble.forest.RandomForestClassifier'>,,,,,,,,,,,,,,,,,,25,,,,,,,100,,,,,,,,,,,<class 'diogenes.grid_search.grid_search_helper.SubsetSweepNumRows'>,,,,"[100, 200, 300]",,,<class 'sklearn.cross_validation.StratifiedKFold'>,,,,,,3,,,,,,,,,,100,,0,,,,,0.375,0.43229166666666663,0.6599999999999999,0.31999999999999995,0.11666666666666667,0.4,0.4257142857142857,f6,f4,f10,f12,f0,f3,f7,f2,f9,f11,0.089096042305676998,0.08858410754960705,0.072749727243414247,0.069929682560641887,0.069682868957518518,0.067884730724221451,0.06665038518972595,0.066105360352317094,0.065329316100231002,0.062343059217890691
<class 'sklearn.ensemble.forest.RandomForestClassifier'>,,,,,,,,,,,,,,,,,,25,,,,,,,100,,,,,,,,,,,<class 'diogenes.grid_search.grid_search_helper.SubsetSweepNumRows'>,,,,"[100, 200, 300]",,,<class 'sklearn.cross_validation.StratifiedKFold'>,,,,,,3,,,,,,,,,,100,,1,,,,,0.5,0.38786764705882348,0.6699999999999999,0.33999999999999997,0.0,0.3433333333333333,0.35555555555555557,f11,f6,f10,f5,f14,f0,f2,f7,f12,f9,0.095089893339466228,0.085476611041032075,0.083299859393472439,0.073786082925849136,0.070735564928628578,0.06806788372395417,0.063735232328952382,0.06368831368424796,0.063182884108257453,0.06269853115768878
<class 'sklearn.ensemble.forest.RandomForestClassifier'>,,,,,,,,,,,,,,,,,,25,,,,,,,100,,,,,,,,,,,<class 'diogenes.grid_search.grid_search_helper.SubsetSweepNumRows'>,,,,"[100, 200, 300]",,,<class 'sklearn.cross_validation.StratifiedKFold'>,,,,,,3,,,,,,,,,,100,,2,,,,,0.37500000000000006,0.36213235294117652,0.6699999999999999,0.33999999999999997,0.0,0.3083333333333333,0.46249999999999997,f6,f10,f14,f9,f5,f8,f1,f0,f3,f11,0.16007868497546923,0.093940313913432008,0.085262485459443718,0.078083781367471197,0.068323155077919251,0.062265713020857635,0.061176471210377059,0.05702749724466688,0.055013542397661042,0.049150192278843645
<class 'sklearn.ensemble.forest.RandomForestClassifier'>,,,,,,,,,,,,,,,,,,25,,,,,,,100,,,,,,,,,,,<class 'diogenes.grid_search.grid_search_helper.SubsetSweepNumRows'>,,,,"[100, 200, 300]",,,<class 'sklearn.cross_validation.StratifiedKFold'>,,,,,,3,,,,,,,,,,200,,0,,,,,0.43636363636363634,0.55841325196163905,0.31999999999999995,0.0,0.4,0.2971428571428571,0.3692307692307692,f9,f11,f8,f3,f12,f0,f10,f5,f14,f2,0.0894358743945005,0.079447524806326761,0.076308591142335028,0.075221381954120231,0.072200603399293253,0.070879734241588888,0.070812223602113436,0.070207849601215636,0.062737047401053694,0.060515736337169758
<class 'sklearn.ensemble.forest.RandomForestClassifier'>,,,,,,,,,,,,,,,,,,25,,,,,,,100,,,,,,,,,,,<class 'diogenes.grid_search.grid_search_helper.SubsetSweepNumRows'>,,,,"[100, 200, 300]",,,<class 'sklearn.cross_validation.StratifiedKFold'>,,,,,,3,,,,,,,,,,200,,1,,,,,0.20833333333333334,0.43842592592592594,0.33999999999999997,0.0,0.0,0.0,0.24175824175824182,f3,f10,f4,f14,f11,f0,f8,f5,f1,f9,0.079386683194343069,0.079179354159916435,0.07823427040797605,0.076185823990897572,0.075562711921408052,0.072953208701534725,0.071408009085107527,0.07057109495721052,0.070521379230657752,0.065686104873277446
<class 'sklearn.ensemble.forest.RandomForestClassifier'>,,,,,,,,,,,,,,,,,,25,,,,,,,100,,,,,,,,,,,<class 'diogenes.grid_search.grid_search_helper.SubsetSweepNumRows'>,,,,"[100, 200, 300]",,,<class 'sklearn.cross_validation.StratifiedKFold'>,,,,,,3,,,,,,,,,,200,,2,,,,,0.37735849056603771,0.60833333333333339,0.33999999999999997,0.16,0.38333333333333336,0.6916666666666667,0.4692307692307693,f11,f2,f5,f6,f9,f10,f0,f3,f14,f8,0.083492422595131024,0.076963136774240437,0.073057455505540603,0.069916168090149958,0.069691485750404125,0.069445669711278371,0.068688204368613184,0.066174461789229713,0.065715177907851016,0.065160593288682123
<class 'sklearn.ensemble.forest.RandomForestClassifier'>,,,,,,,,,,,,,,,,,,25,,,,,,,100,,,,,,,,,,,<class 'diogenes.grid_search.grid_search_helper.SubsetSweepNumRows'>,,,,"[100, 200, 300]",,,<class 'sklearn.cross_validation.StratifiedKFold'>,,,,,,3,,,,,,,,,,300,,0,,,,,0.39130434782608703,0.43529411764705883,0.995,0.49666666666666665,0.3333333333333333,0.45,0.39699248120300745,f9,f5,f6,f13,f10,f11,f3,f14,f12,f2,0.091242451647539136,0.078672273900944875,0.078633398630272508,0.077668083791945716,0.06976873728863843,0.066967062277437178,0.066464502927387981,0.064590389106749399,0.064344598633431435,0.060968395660657711
<class 'sklearn.ensemble.forest.RandomForestClassifier'>,,,,,,,,,,,,,,,,,,25,,,,,,,100,,,,,,,,,,,<class 'diogenes.grid_search.grid_search_helper.SubsetSweepNumRows'>,,,,"[100, 200, 300]",,,<class 'sklearn.cross_validation.StratifiedKFold'>,,,,,,3,,,,,,,,,,300,,1,,,,,0.51428571428571423,0.48680000000000001,1.0,0.5,0.8,0.6,0.47478991596638653,f3,f1,f12,f9,f10,f8,f0,f7,f5,f11,0.075660034629239564,0.07439756591290532,0.07139379737007491,0.071236660597190526,0.071201627753161537,0.070704154582612547,0.069814429391037242,0.068320161678343524,0.067578466128604964,0.065509856014871304
<class 'sklearn.ensemble.forest.RandomForestClassifier'>,,,,,,,,,,,,,,,,,,25,,,,,,,100,,,,,,,,,,,<class 'diogenes.grid_search.grid_search_helper.SubsetSweepNumRows'>,,,,"[100, 200, 300]",,,<class 'sklearn.cross_validation.StratifiedKFold'>,,,,,,3,,,,,,,,,,300,,2,,,,,0.52000000000000002,0.50428571428571423,1.0,1.0,0.5,0.5023809523809524,0.492156862745098,f9,f2,f0,f14,f6,f7,f8,f12,f10,f3,0.084010927527573151,0.082008447775835366,0.079232482531241294,0.07620096843772356,0.073253665640693605,0.065655908265409374,0.063888313800901569,0.063127341380222635,0.06065963138553368,0.060304983759474198
<class 'sklearn.ensemble.forest.RandomForestClassifier'>,,,,,,,,,,,,,,,,,,5,,,,,,,1000,,,,,,,,,,,<class 'diogenes.grid_search.grid_search_helper.SubsetSweepNumRows'>,,,,"[100, 200, 300]",,,<class 'sklearn.cross_validation.StratifiedKFold'>,,,,,,2,,,,,,,,,,100,,0,,,,,0.44444444444444448,0.45352564102564097,1.0,1.0,0.41666666666666663,0.2,0.4,f14,f12,f10,f0,f9,f11,f13,f5,f7,f3,0.10799222630322428,0.09224580690069184,0.078953119010497216,0.067094887297227027,0.06696125924919144,0.065730634481619976,0.065124291295713399,0.065062420169960639,0.060775458620158269,0.058789165547279594
<class 'sklearn.ensemble.forest.RandomForestClassifier'>,,,,,,,,,,,,,,,,,,5,,,,,,,1000,,,,,,,,,,,<class 'diogenes.grid_search.grid_search_helper.SubsetSweepNumRows'>,,,,"[100, 200, 300]",,,<class 'sklearn.cross_validation.StratifiedKFold'>,,,,,,2,,,,,,,,,,100,,1,,,,,0.31578947368421051,0.40384615384615385,1.0,1.0,1.0,0.8,0.6,f8,f10,f2,f1,f13,f9,f0,f14,f12,f7,0.12116740271637164,0.081216964506174313,0.075611474512974106,0.073875839489018574,0.070942350476763658,0.070217563453521994,0.067851141718234934,0.067532654958932722,0.059420951240943425,0.056544445613159688
<class 'sklearn.ensemble.forest.RandomForestClassifier'>,,,,,,,,,,,,,,,,,,5,,,,,,,1000,,,,,,,,,,,<class 'diogenes.grid_search.grid_search_helper.SubsetSweepNumRows'>,,,,"[100, 200, 300]",,,<class 'sklearn.cross_validation.StratifiedKFold'>,,,,,,2,,,,,,,,,,200,,0,,,,,0.48837209302325579,0.58077226162332529,0.0050000000000000044,0.5033333333333333,0.6033333333333333,0.5945454545454545,0.44571428571428573,f5,f9,f4,f7,f2,f14,f10,f8,f13,f1,0.084259793502338615,0.083570550357546916,0.082289653336847568,0.079911368679574463,0.071905223572029539,0.071567325065628379,0.067177371217133366,0.059950385457002701,0.058623253628551177,0.058434248439136152
<class 'sklearn.ensemble.forest.RandomForestClassifier'>,,,,,,,,,,,,,,,,,,5,,,,,,,1000,,,,,,,,,,,<class 'diogenes.grid_search.grid_search_helper.SubsetSweepNumRows'>,,,,"[100, 200, 300]",,,<class 'sklearn.cross_validation.StratifiedKFold'>,,,,,,2,,,,,,,,,,200,,1,,,,,0.45333333333333331,0.59598031173092703,0.01000000000000012,0.0,0.40499999999999997,0.5055555555555555,0.5452631578947369,f9,f7,f13,f1,f12,f2,f4,f6,f11,f10,0.088517588640805167,0.088023001701991982,0.079660325462013987,0.077255749021500328,0.070887084713309026,0.066354385145430891,0.065417712862126498,0.062663047297699462,0.062386840131060439,0.060410685378214132
<class 'sklearn.ensemble.forest.RandomForestClassifier'>,,,,,,,,,,,,,,,,,,5,,,,,,,1000,,,,,,,,,,,<class 'diogenes.grid_search.grid_search_helper.SubsetSweepNumRows'>,,,,"[100, 200, 300]",,,<class 'sklearn.cross_validation.StratifiedKFold'>,,,,,,2,,,,,,,,,,300,,0,,,,,0.30088495575221241,0.48192771084337349,0.75,0.6666666666666666,0.5357142857142857,0.3333333333333333,0.3,f11,f5,f10,f9,f4,f12,f3,f8,f7,f2,0.089937179349784707,0.089507435363869639,0.08146652313088229,0.077478395135757799,0.066574904711177593,0.066034650837156914,0.065589534185021156,0.063490753141912479,0.061550111158225757,0.05980982775791225
<class 'sklearn.ensemble.forest.RandomForestClassifier'>,,,,,,,,,,,,,,,,,,5,,,,,,,1000,,,,,,,,,,,<class 'diogenes.grid_search.grid_search_helper.SubsetSweepNumRows'>,,,,"[100, 200, 300]",,,<class 'sklearn.cross_validation.StratifiedKFold'>,,,,,,2,,,,,,,,,,300,,1,,,,,0.4102564102564103,0.54648444524366124,0.75,0.6666666666666666,0.4642857142857143,0.4666666666666667,0.5333333333333333,f1,f11,f6,f10,f8,f4,f12,f14,f5,f7,0.090112167736055029,0.079963507942946127,0.079251667934359796,0.078317611887870314,0.071957403247679186,0.068409634767750666,0.067059456401656101,0.063338474828982208,0.063032130251917826,0.061658960563814008
<class 'sklearn.ensemble.forest.RandomForestClassifier'>,,,,,,,,,,,,,,,,,,5,,,,,,,1000,,,,,,,,,,,<class 'diogenes.grid_search.grid_search_helper.SubsetSweepNumRows'>,,,,"[100, 200, 300]",,,<class 'sklearn.cross_validation.StratifiedKFold'>,,,,,,3,,,,,,,,,,100,,0,,,,,0.34782608695652178,0.45614035087719301,1.0,1.0,1.0,0.7,0.5571428571428572,f1,f0,f6,f9,f13,f5,f10,f8,f12,f11,0.09644880697088086,0.08400954004521631,0.083608341767953065,0.074543889947779288,0.072225519602995072,0.066085898835179888,0.064577316595532619,0.064396317764306502,0.060226216941743155,0.059027147021018765
<class 'sklearn.ensemble.forest.RandomForestClassifier'>,,,,,,,,,,,,,,,,,,5,,,,,,,1000,,,,,,,,,,,<class 'diogenes.grid_search.grid_search_helper.SubsetSweepNumRows'>,,,,"[100, 200, 300]",,,<class 'sklearn.cross_validation.StratifiedKFold'>,,,,,,3,,,,,,,,,,100,,1,,,,,0.45161290322580644,0.48421052631578954,0.6599999999999999,0.31999999999999995,0.0,0.3,0.40952380952380957,f13,f3,f5,f12,f6,f2,f11,f4,f10,f8,0.096540545264260341,0.076364132135975982,0.075341713794225079,0.073789777279144819,0.072824462496342349,0.071914532195342093,0.069660740551502925,0.068315416682097618,0.065106846615748865,0.064810133163339223
<class 'sklearn.ensemble.forest.RandomForestClassifier'>,,,,,,,,,,,,,,,,,,5,,,,,,,1000,,,,,,,,,,,<class 'diogenes.grid_search.grid_search_helper.SubsetSweepNumRows'>,,,,"[100, 200, 300]",,,<class 'sklearn.cross_validation.StratifiedKFold'>,,,,,,3,,,,,,,,,,100,,2,,,,,0.35714285714285715,0.38492063492063489,0.6799999999999999,0.36,0.30000000000000004,0.6333333333333333,0.37142857142857144,f12,f7,f13,f9,f6,f2,f5,f1,f14,f8,0.13771930857038578,0.084163683172894521,0.071900936425018436,0.071216777096028014,0.067257952525878545,0.065841479509416725,0.064810526253917616,0.062135555889180016,0.060533108148081681,0.060143226206205463
<class 'sklearn.ensemble.forest.RandomForestClassifier'>,,,,,,,,,,,,,,,,,,5,,,,,,,1000,,,,,,,,,,,<class 'diogenes.grid_search.grid_search_helper.SubsetSweepNumRows'>,,,,"[100, 200, 300]",,,<class 'sklearn.cross_validation.StratifiedKFold'>,,,,,,3,,,,,,,,,,200,,0,,,,,0.46428571428571425,0.60680034873583255,1.0,1.0,0.7,0.7047619047619048,0.7054945054945055,f5,f9,f11,f3,f2,f1,f8,f4,f7,f10,0.10943956447060418,0.097348981018371028,0.085338779123007635,0.072182248059923057,0.071522399588868177,0.06432569587908514,0.062575187140608071,0.061697064737551634,0.059469223285083743,0.058651489219522908
<class 'sklearn.ensemble.forest.RandomForestClassifier'>,,,,,,,,,,,,,,,,,,5,,,,,,,1000,,,,,,,,,,,<class 'diogenes.grid_search.grid_search_helper.SubsetSweepNumRows'>,,,,"[100, 200, 300]",,,<class 'sklearn.cross_validation.StratifiedKFold'>,,,,,,3,,,,,,,,,,200,,1,,,,,0.4363636363636364,0.49351851851851847,0.33999999999999997,0.0,0.0,0.15238095238095237,0.39340659340659345,f3,f9,f8,f12,f2,f0,f6,f4,f5,f10,0.094980404333323915,0.082316499336347937,0.077509027212886397,0.07700296741635014,0.075349577213604052,0.070141192775819025,0.065885796455870102,0.060516587060565702,0.060378256226496625,0.060080797584896858
<class 'sklearn.ensemble.forest.RandomForestClassifier'>,,,,,,,,,,,,,,,,,,5,,,,,,,1000,,,,,,,,,,,<class 'diogenes.grid_search.grid_search_helper.SubsetSweepNumRows'>,,,,"[100, 200, 300]",,,<class 'sklearn.cross_validation.StratifiedKFold'>,,,,,,3,,,,,,,,,,200,,2,,,,,0.40000000000000002,0.52407407407407414,0.33999999999999997,0.16,0.6166666666666666,0.45714285714285713,0.6065934065934065,f9,f8,f13,f10,f3,f1,f5,f0,f7,f2,0.11350938047433887,0.079067750057460598,0.07568669254836731,0.075640226308584899,0.071232339763355357,0.069784462388069096,0.069017325187042067,0.063346872567117712,0.062928205212897867,0.059471401132715693
<class 'sklearn.ensemble.forest.RandomForestClassifier'>,,,,,,,,,,,,,,,,,,5,,,,,,,1000,,,,,,,,,,,<class 'diogenes.grid_search.grid_search_helper.SubsetSweepNumRows'>,,,,"[100, 200, 300]",,,<class 'sklearn.cross_validation.StratifiedKFold'>,,,,,,3,,,,,,,,,,300,,0,,,,,0.44444444444444442,0.51336477987421381,0.995,0.49666666666666665,0.39666666666666667,0.30636363636363634,0.5047619047619047,f3,f4,f7,f2,f0,f12,f5,f13,f9,f1,0.096050221234870975,0.094852213079627587,0.06978079793168479,0.066979792801940996,0.066931706960407927,0.065402854582024078,0.064815618443771358,0.063824157001425005,0.063408030144542382,0.062978363860005535
<class 'sklearn.ensemble.forest.RandomForestClassifier'>,,,,,,,,,,,,,,,,,,5,,,,,,,1000,,,,,,,,,,,<class 'diogenes.grid_search.grid_search_helper.SubsetSweepNumRows'>,,,,"[100, 200, 300]",,,<class 'sklearn.cross_validation.StratifiedKFold'>,,,,,,3,,,,,,,,,,300,,1,,,,,0.32911392405063289,0.46286631874749096,1.0,1.0,0.4,0.5,0.4,f7,f4,f11,f6,f12,f1,f2,f0,f8,f13,0.096436352542409787,0.082097757460416962,0.072676787813436616,0.069064318375231637,0.067795523375165714,0.065835038927793493,0.065241715386132756,0.063663642804389797,0.062905013439156485,0.062114219041726364
<class 'sklearn.ensemble.forest.RandomForestClassifier'>,,,,,,,,,,,,,,,,,,5,,,,,,,1000,,,,,,,,,,,<class 'diogenes.grid_search.grid_search_helper.SubsetSweepNumRows'>,,,,"[100, 200, 300]",,,<class 'sklearn.cross_validation.StratifiedKFold'>,,,,,,3,,,,,,,,,,300,,2,,,,,0.35135135135135143,0.46603927986906712,0.01000000000000012,0.0,0.595,0.5955555555555556,0.5557894736842105,f1,f11,f13,f6,f4,f3,f5,f8,f10,f0,0.090387913228835506,0.08109688717126419,0.080162089878073953,0.076231835164153536,0.074302051062597366,0.073167917430783241,0.067331460784321243,0.063001526338721539,0.062437797593349054,0.058966000045464262
<class 'sklearn.ensemble.forest.RandomForestClassifier'>,,,,,,,,,,,,,,,,,,25,,,,,,,1000,,,,,,,,,,,<class 'diogenes.grid_search.grid_search_helper.SubsetSweepNumRows'>,,,,"[100, 200, 300]",,,<class 'sklearn.cross_validation.StratifiedKFold'>,,,,,,2,,,,,,,,,,100,,0,,,,,0.66666666666666663,0.5625,0.5,0.0,0.5833333333333334,0.7083333333333333,0.6,f8,f2,f5,f7,f13,f6,f3,f1,f9,f14,0.096036023736421713,0.091402578720753316,0.091310023768009993,0.089125153966049392,0.070974977074932652,0.070661771262847131,0.068538024248225207,0.060890231507378254,0.060495169632562101,0.052257599544268944
<class 'sklearn.ensemble.forest.RandomForestClassifier'>,,,,,,,,,,,,,,,,,,25,,,,,,,1000,,,,,,,,,,,<class 'diogenes.grid_search.grid_search_helper.SubsetSweepNumRows'>,,,,"[100, 200, 300]",,,<class 'sklearn.cross_validation.StratifiedKFold'>,,,,,,2,,,,,,,,,,100,,1,,,,,0.53061224489795922,0.54166666666666663,1.0,1.0,0.8333333333333333,0.8,0.6,f11,f2,f12,f5,f7,f0,f6,f8,f1,f9,0.082974483197431434,0.082449728593419577,0.080817998141302944,0.080243662527936022,0.07652216485874519,0.072021080400476153,0.070642637424329011,0.062623013246249082,0.062146150755999767,0.061726801474106426
<class 'sklearn.ensemble.forest.RandomForestClassifier'>,,,,,,,,,,,,,,,,,,25,,,,,,,1000,,,,,,,,,,,<class 'diogenes.grid_search.grid_search_helper.SubsetSweepNumRows'>,,,,"[100, 200, 300]",,,<class 'sklearn.cross_validation.StratifiedKFold'>,,,,,,2,,,,,,,,,,200,,0,,,,,0.37362637362637363,0.43022798742138368,0.995,0.5033333333333333,0.4125,0.30636363636363634,0.37593984962406013,f3,f13,f8,f0,f9,f6,f1,f12,f7,f5,0.087617166167782576,0.08740646971982842,0.080545837443829746,0.077115871914541334,0.073165671881981503,0.07157855534364789,0.066090752348364382,0.063621165097606389,0.062296295228429749,0.062126662468475549
<class 'sklearn.ensemble.forest.RandomForestClassifier'>,,,,,,,,,,,,,,,,,,25,,,,,,,1000,,,,,,,,,,,<class 'diogenes.grid_search.grid_search_helper.SubsetSweepNumRows'>,,,,"[100, 200, 300]",,,<class 'sklearn.cross_validation.StratifiedKFold'>,,,,,,2,,,,,,,,,,200,,1,,,,,0.41758241758241754,0.43412438625204575,0.01000000000000012,0.4899999999999999,0.6016666666666667,0.40444444444444444,0.2526315789473684,f1,f13,f4,f7,f2,f14,f3,f11,f0,f8,0.083963318835953496,0.082729151045782448,0.076043356718463892,0.073786831152511376,0.068467354567957384,0.068451549662158814,0.06551872457403575,0.063961865683110991,0.063138436838370546,0.062833319945566207
<class 'sklearn.ensemble.forest.RandomForestClassifier'>,,,,,,,,,,,,,,,,,,25,,,,,,,1000,,,,,,,,,,,<class 'diogenes.grid_search.grid_search_helper.SubsetSweepNumRows'>,,,,"[100, 200, 300]",,,<class 'sklearn.cross_validation.StratifiedKFold'>,,,,,,2,,,,,,,,,,300,,0,,,,,0.54088050314465408,0.48888691322901845,1.0,0.6666666666666666,0.33035714285714285,0.44551282051282054,0.5333333333333333,f9,f12,f11,f4,f6,f3,f0,f13,f1,f10,0.086546535619701201,0.085675027776584145,0.081012466334194747,0.076012470644556906,0.075007795781438263,0.070263857587757661,0.067106165596472242,0.065463671373684598,0.063585627832807259,0.061693851336283453
<class 'sklearn.ensemble.forest.RandomForestClassifier'>,,,,,,,,,,,,,,,,,,25,,,,,,,1000,,,,,,,,,,,<class 'diogenes.grid_search.grid_search_helper.SubsetSweepNumRows'>,,,,"[100, 200, 300]",,,<class 'sklearn.cross_validation.StratifiedKFold'>,,,,,,2,,,,,,,,,,300,,1,,,,,0.51572327044025157,0.48017425320056889,0.24999999999999997,0.6666666666666666,0.4642857142857143,0.5333333333333333,0.43333333333333335,f2,f10,f11,f12,f7,f8,f0,f9,f14,f5,0.10645053160642301,0.086261685265639362,0.085017186779865958,0.070159490383904469,0.068918765914511543,0.065779892773396048,0.06346613016633465,0.062267628464999253,0.060633404556483646,0.058041685748728353
<class 'sklearn.ensemble.forest.RandomForestClassifier'>,,,,,,,,,,,,,,,,,,25,,,,,,,1000,,,,,,,,,,,<class 'diogenes.grid_search.grid_search_helper.SubsetSweepNumRows'>,,,,"[100, 200, 300]",,,<class 'sklearn.cross_validation.StratifiedKFold'>,,,,,,3,,,,,,,,,,100,,0,,,,,0.41379310344827591,0.49473684210526314,0.6599999999999999,0.31999999999999995,0.35000000000000003,0.4,0.5571428571428572,f0,f4,f5,f12,f11,f10,f8,f9,f7,f6,0.10741872662752512,0.085315412503579824,0.083129522523922569,0.069750873590397472,0.069616235129981607,0.066973790620054041,0.065174755953857466,0.064736360290080952,0.064169755798842584,0.060571721982106627
<class 'sklearn.ensemble.forest.RandomForestClassifier'>,,,,,,,,,,,,,,,,,,25,,,,,,,1000,,,,,,,,,,,<class 'diogenes.grid_search.grid_search_helper.SubsetSweepNumRows'>,,,,"[100, 200, 300]",,,<class 'sklearn.cross_validation.StratifiedKFold'>,,,,,,3,,,,,,,,,,100,,1,,,,,0.40000000000000002,0.5185185185185186,1.0,1.0,1.0,0.9249999999999999,0.45714285714285713,f0,f3,f14,f5,f2,f12,f7,f4,f6,f11,0.1036526167049478,0.095450364300089754,0.079633223778091164,0.072644925520391479,0.06796908819669413,0.06776982873116566,0.064722601445686451,0.063174320003632017,0.061077639131764089,0.058841553591692818
<class 'sklearn.ensemble.forest.RandomForestClassifier'>,,,,,,,,,,,,,,,,,,25,,,,,,,1000,,,,,,,,,,,<class 'diogenes.grid_search.grid_search_helper.SubsetSweepNumRows'>,,,,"[100, 200, 300]",,,<class 'sklearn.cross_validation.StratifiedKFold'>,,,,,,3,,,,,,,,,,100,,2,,,,,0.56000000000000005,0.62962962962962965,1.0,1.0,1.0,0.6566666666666666,0.6952380952380952,f0,f8,f3,f14,f5,f2,f4,f12,f1,f10,0.10194854187445758,0.087980453011302528,0.074225033965586981,0.072136887355808588,0.071813437957446491,0.068569004256560886,0.067582438696292935,0.063606438868799367,0.059675953011660857,0.058606041098269702
<class 'sklearn.ensemble.forest.RandomForestClassifier'>,,,,,,,,,,,,,,,,,,25,,,,,,,1000,,,,,,,,,,,<class 'diogenes.grid_search.grid_search_helper.SubsetSweepNumRows'>,,,,"[100, 200, 300]",,,<class 'sklearn.cross_validation.StratifiedKFold'>,,,,,,3,,,,,,,,,,200,,0,,,,,0.40000000000000002,0.48333333333333334,0.32999999999999996,0.17,0.5,0.55,0.47692307692307695,f4,f10,f12,f14,f5,f8,f13,f6,f2,f0,0.083383206429929108,0.08031103465738948,0.071786820475651505,0.069960745117383705,0.069927169236345704,0.068147405743628764,0.067847492944173235,0.067641680164076096,0.063544687879404621,0.06345075251080369
<class 'sklearn.ensemble.forest.RandomForestClassifier'>,,,,,,,,,,,,,,,,,,25,,,,,,,1000,,,,,,,,,,,<class 'diogenes.grid_search.grid_search_helper.SubsetSweepNumRows'>,,,,"[100, 200, 300]",,,<class 'sklearn.cross_validation.StratifiedKFold'>,,,,,,3,,,,,,,,,,200,,1,,,,,0.40740740740740738,0.5252252252252253,1.0,1.0,0.6083333333333333,0.44999999999999996,0.4483516483516483,f6,f2,f0,f10,f5,f1,f9,f8,f3,f12,0.076473249932851331,0.07494435697830161,0.074824835999602476,0.073221949751726481,0.071556909605590857,0.071042457766660821,0.068170668893936137,0.063553390176044861,0.063171091336717541,0.062652058090406595
<class 'sklearn.ensemble.forest.RandomForestClassifier'>,,,,,,,,,,,,,,,,,,25,,,,,,,1000,,,,,,,,,,,<class 'diogenes.grid_search.grid_search_helper.SubsetSweepNumRows'>,,,,"[100, 200, 300]",,,<class 'sklearn.cross_validation.StratifiedKFold'>,,,,,,3,,,,,,,,,,200,,2,,,,,0.29166666666666669,0.48602050326188256,1.0,1.0,1.0,0.6095238095238095,0.45494505494505494,f4,f10,f8,f2,f6,f11,f7,f0,f14,f13,0.077795150990884437,0.077342916565339537,0.074681808528797411,0.072774516008574097,0.071968311691144135,0.070543705809768348,0.064775730848425209,0.064722109201341638,0.063579203824232294,0.063224912737582045
<class 'sklearn.ensemble.forest.RandomForestClassifier'>,,,,,,,,,,,,,,,,,,25,,,,,,,1000,,,,,,,,,,,<class 'diogenes.grid_search.grid_search_helper.SubsetSweepNumRows'>,,,,"[100, 200, 300]",,,<class 'sklearn.cross_validation.StratifiedKFold'>,,,,,,3,,,,,,,,,,300,,0,,,,,0.51851851851851849,0.50400160064025612,1.0,0.5,0.8,0.6,0.6,f3,f12,f0,f1,f6,f8,f9,f10,f11,f14,0.082914646187223898,0.073684864146248585,0.072068490682199726,0.07088514466837835,0.070710766674003597,0.069017933600970943,0.067221306317515189,0.066200378069294213,0.065030641844919759,0.062984302944988468
<class 'sklearn.ensemble.forest.RandomForestClassifier'>,,,,,,,,,,,,,,,,,,25,,,,,,,1000,,,,,,,,,,,<class 'diogenes.grid_search.grid_search_helper.SubsetSweepNumRows'>,,,,"[100, 200, 300]",,,<class 'sklearn.cross_validation.StratifiedKFold'>,,,,,,3,,,,,,,,,,300,,1,,,,,0.55932203389830515,0.39975990396158467,0.0,0.5,0.6,0.404040404040404,0.35,f13,f12,f8,f6,f11,f14,f1,f0,f3,f4,0.089848918533080066,0.083024846595442348,0.073851567734954687,0.067674462205441238,0.067396567737227325,0.065919476521148712,0.065116949683733466,0.06506254183243336,0.064538102327363803,0.062551320853421979
<class 'sklearn.ensemble.forest.RandomForestClassifier'>,,,,,,,,,,,,,,,,,,25,,,,,,,1000,,,,,,,,,,,<class 'diogenes.grid_search.grid_search_helper.SubsetSweepNumRows'>,,,,"[100, 200, 300]",,,<class 'sklearn.cross_validation.StratifiedKFold'>,,,,,,3,,,,,,,,,,300,,2,,,,,0.51020408163265307,0.49599839935974388,1.0,1.0,1.0,0.7,0.5526315789473684,f3,f2,f8,f1,f4,f9,f0,f6,f12,f10,0.082797188492676296,0.078373068620946312,0.073010052189131938,0.068962442962314963,0.067399428719094587,0.066758142265208528,0.06508781640884416,0.064796297179786772,0.064140419239890223,0.064011190793583764
<class 'sklearn.svm.classes.SVC'>,,,,,,,,,,,,,,,,linear,,,,,,,,,,,,,True,,,,,,,<class 'diogenes.grid_search.grid_search_helper.SubsetSweepNumRows'>,,,,"[100, 200, 300]",,,<class 'sklearn.cross_validation.StratifiedKFold'>,,,,,,2,,,,,,,,,,100,,0,,,,,0.41025641025641024,0.4864,0.5,0.0,0.41666666666666663,0.4,0.7,,,,,,,,,,
<class 'sklearn.svm.classes.SVC'>,,,,,,,,,,,,,,,,linear,,,,,,,,,,,,,True,,,,,,,<class 'diogenes.grid_search.grid_search_helper.SubsetSweepNumRows'>,,,,"[100, 200, 300]",,,<class 'sklearn.cross_validation.StratifiedKFold'>,,,,,,2,,,,,,,,,,100,,1,,,,,0.51851851851851849,0.48799999999999999,0.5,0.0,0.0,0.2,0.5,,,,,,,,,,
<class 'sklearn.svm.classes.SVC'>,,,,,,,,,,,,,,,,linear,,,,,,,,,,,,,True,,,,,,,<class 'diogenes.grid_search.grid_search_helper.SubsetSweepNumRows'>,,,,"[100, 200, 300]",,,<class 'sklearn.cross_validation.StratifiedKFold'>,,,,,,2,,,,,,,,,,200,,0,,,,,0.57692307692307687,0.48099239695878349,1.0,1.0,0.6,0.3,0.45,,,,,,,,,,
<class 'sklearn.svm.classes.SVC'>,,,,,,,,,,,,,,,,linear,,,,,,,,,,,,,True,,,,,,,<class 'diogenes.grid_search.grid_search_helper.SubsetSweepNumRows'>,,,,"[100, 200, 300]",,,<class 'sklearn.cross_validation.StratifiedKFold'>,,,,,,2,,,,,,,,,,200,,1,,,,,0.43678160919540221,0.51360544217687076,0.0,0.5,0.8,0.6,0.5,,,,,,,,,,
<class 'sklearn.svm.classes.SVC'>,,,,,,,,,,,,,,,,linear,,,,,,,,,,,,,True,,,,,,,<class 'diogenes.grid_search.grid_search_helper.SubsetSweepNumRows'>,,,,"[100, 200, 300]",,,<class 'sklearn.cross_validation.StratifiedKFold'>,,,,,,2,,,,,,,,,,300,,0,,,,,0.46268656716417905,0.53502844950213369,0.24999999999999997,0.6666666666666666,0.6696428571428572,0.5333333333333333,0.5,,,,,,,,,,
<class 'sklearn.svm.classes.SVC'>,,,,,,,,,,,,,,,,linear,,,,,,,,,,,,,True,,,,,,,<class 'diogenes.grid_search.grid_search_helper.SubsetSweepNumRows'>,,,,"[100, 200, 300]",,,<class 'sklearn.cross_validation.StratifiedKFold'>,,,,,,2,,,,,,,,,,300,,1,,,,,0.5,0.48790896159317215,0.75,0.3333333333333333,0.19642857142857142,0.4666666666666667,0.4,,,,,,,,,,
<class 'sklearn.svm.classes.SVC'>,,,,,,,,,,,,,,,,linear,,,,,,,,,,,,,True,,,,,,,<class 'diogenes.grid_search.grid_search_helper.SubsetSweepNumRows'>,,,,"[100, 200, 300]",,,<class 'sklearn.cross_validation.StratifiedKFold'>,,,,,,3,,,,,,,,,,100,,0,,,,,0.63414634146341475,0.38947368421052631,1.0,1.0,1.0,0.7,0.7047619047619048,,,,,,,,,,
<class 'sklearn.svm.classes.SVC'>,,,,,,,,,,,,,,,,linear,,,,,,,,,,,,,True,,,,,,,<class 'diogenes.grid_search.grid_search_helper.SubsetSweepNumRows'>,,,,"[100, 200, 300]",,,<class 'sklearn.cross_validation.StratifiedKFold'>,,,,,,3,,,,,,,,,,100,,1,,,,,0.52380952380952384,0.40000000000000002,1.0,1.0,1.0,0.6916666666666667,0.5428571428571428,,,,,,,,,,
<class 'sklearn.svm.classes.SVC'>,,,,,,,,,,,,,,,,linear,,,,,,,,,,,,,True,,,,,,,<class 'diogenes.grid_search.grid_search_helper.SubsetSweepNumRows'>,,,,"[100, 200, 300]",,,<class 'sklearn.cross_validation.StratifiedKFold'>,,,,,,3,,,,,,,,,,100,,2,,,,,0.65000000000000002,0.47777777777777775,1.0,1.0,0.675,0.38333333333333336,0.3904761904761905,,,,,,,,,,
<class 'sklearn.svm.classes.SVC'>,,,,,,,,,,,,,,,,linear,,,,,,,,,,,,,True,,,,,,,<class 'diogenes.grid_search.grid_search_helper.SubsetSweepNumRows'>,,,,"[100, 200, 300]",,,<class 'sklearn.cross_validation.StratifiedKFold'>,,,,,,3,,,,,,,,,,200,,0,,,,,0.52459016393442626,0.50267857142857142,1.0,1.0,0.6958333333333333,0.7000000000000001,0.6725274725274725,,,,,,,,,,
<class 'sklearn.svm.classes.SVC'>,,,,,,,,,,,,,,,,linear,,,,,,,,,,,,,True,,,,,,,<class 'diogenes.grid_search.grid_search_helper.SubsetSweepNumRows'>,,,,"[100, 200, 300]",,,<class 'sklearn.cross_validation.StratifiedKFold'>,,,,,,3,,,,,,,,,,200,,1,,,,,0.66666666666666663,0.40312500000000001,0.32999999999999996,0.0,0.30416666666666664,0.44999999999999996,0.4483516483516483,,,,,,,,,,
<class 'sklearn.svm.classes.SVC'>,,,,,,,,,,,,,,,,linear,,,,,,,,,,,,,True,,,,,,,<class 'diogenes.grid_search.grid_search_helper.SubsetSweepNumRows'>,,,,"[100, 200, 300]",,,<class 'sklearn.cross_validation.StratifiedKFold'>,,,,,,3,,,,,,,,,,200,,2,,,,,0.5,0.50275735294117641,0.33999999999999997,0.16,0.38333333333333336,0.30476190476190473,0.4692307692307693,,,,,,,,,,
<class 'sklearn.svm.classes.SVC'>,,,,,,,,,,,,,,,,linear,,,,,,,,,,,,,True,,,,,,,<class 'diogenes.grid_search.grid_search_helper.SubsetSweepNumRows'>,,,,"[100, 200, 300]",,,<class 'sklearn.cross_validation.StratifiedKFold'>,,,,,,3,,,,,,,,,,300,,0,,,,,0.47619047619047611,0.44392156862745102,0.0050000000000000044,0.5033333333333333,0.6033333333333333,0.4954545454545454,0.35619047619047617,,,,,,,,,,
<class 'sklearn.svm.classes.SVC'>,,,,,,,,,,,,,,,,linear,,,,,,,,,,,,,True,,,,,,,<class 'diogenes.grid_search.grid_search_helper.SubsetSweepNumRows'>,,,,"[100, 200, 300]",,,<class 'sklearn.cross_validation.StratifiedKFold'>,,,,,,3,,,,,,,,,,300,,1,,,,,0.49523809523809526,0.44639999999999996,0.0,0.5,0.6,0.7,0.4,,,,,,,,,,
<class 'sklearn.svm.classes.SVC'>,,,,,,,,,,,,,,,,linear,,,,,,,,,,,,,True,,,,,,,<class 'diogenes.grid_search.grid_search_helper.SubsetSweepNumRows'>,,,,"[100, 200, 300]",,,<class 'sklearn.cross_validation.StratifiedKFold'>,,,,,,3,,,,,,,,,,300,,2,,,,,0.54901960784313719,0.45428571428571424,1.0,1.0,0.6074999999999999,0.49444444444444446,0.5957894736842105,,,,,,,,,,
<class 'sklearn.svm.classes.SVC'>,,,,,,,,,,,,,,,,rbf,,,,,,,,,,,,,True,,,,,,,<class 'diogenes.grid_search.grid_search_helper.SubsetSweepNumRows'>,,,,"[100, 200, 300]",,,<class 'sklearn.cross_validation.StratifiedKFold'>,,,,,,2,,,,,,,,,,100,,0,,,,,0.6923076923076924,0.49845679012345678,0.49,0.0,0.0,0.21333333333333337,0.6072727272727273,,,,,,,,,,
<class 'sklearn.svm.classes.SVC'>,,,,,,,,,,,,,,,,rbf,,,,,,,,,,,,,True,,,,,,,<class 'diogenes.grid_search.grid_search_helper.SubsetSweepNumRows'>,,,,"[100, 200, 300]",,,<class 'sklearn.cross_validation.StratifiedKFold'>,,,,,,2,,,,,,,,,,100,,1,,,,,0.69333333333333336,0.451505016722408,0.5099999999999999,0.019999999999999796,0.42499999999999993,0.42499999999999993,0.28444444444444444,,,,,,,,,,
<class 'sklearn.svm.classes.SVC'>,,,,,,,,,,,,,,,,rbf,,,,,,,,,,,,,True,,,,,,,<class 'diogenes.grid_search.grid_search_helper.SubsetSweepNumRows'>,,,,"[100, 200, 300]",,,<class 'sklearn.cross_validation.StratifiedKFold'>,,,,,,2,,,,,,,,,,200,,0,,,,,0.53571428571428581,0.51940776310524217,0.0,0.5,0.4,0.6,0.55,,,,,,,,,,
<class 'sklearn.svm.classes.SVC'>,,,,,,,,,,,,,,,,rbf,,,,,,,,,,,,,True,,,,,,,<class 'diogenes.grid_search.grid_search_helper.SubsetSweepNumRows'>,,,,"[100, 200, 300]",,,<class 'sklearn.cross_validation.StratifiedKFold'>,,,,,,2,,,,,,,,,,200,,1,,,,,0.67586206896551726,0.4813925570228092,0.0,0.0,0.2,0.5,0.4,,,,,,,,,,
<class 'sklearn.svm.classes.SVC'>,,,,,,,,,,,,,,,,rbf,,,,,,,,,,,,,True,,,,,,,<class 'diogenes.grid_search.grid_search_helper.SubsetSweepNumRows'>,,,,"[100, 200, 300]",,,<class 'sklearn.cross_validation.StratifiedKFold'>,,,,,,2,,,,,,,,,,300,,0,,,,,0.64039408866995085,0.5084507042253521,0.255,0.3366666666666666,0.3348214285714286,0.59625,0.5630107526881719,,,,,,,,,,
<class 'sklearn.svm.classes.SVC'>,,,,,,,,,,,,,,,,rbf,,,,,,,,,,,,,True,,,,,,,<class 'diogenes.grid_search.grid_search_helper.SubsetSweepNumRows'>,,,,"[100, 200, 300]",,,<class 'sklearn.cross_validation.StratifiedKFold'>,,,,,,2,,,,,,,,,,300,,1,,,,,0.69298245614035092,0.47016274864376134,0.24500000000000002,0.3366666666666666,0.40446428571428567,0.3285714285714286,0.4294252873563219,,,,,,,,,,
<class 'sklearn.svm.classes.SVC'>,,,,,,,,,,,,,,,,rbf,,,,,,,,,,,,,True,,,,,,,<class 'diogenes.grid_search.grid_search_helper.SubsetSweepNumRows'>,,,,"[100, 200, 300]",,,<class 'sklearn.cross_validation.StratifiedKFold'>,,,,,,3,,,,,,,,,,100,,0,,,,,0.60465116279069764,0.5761245674740485,0.6599999999999999,0.31999999999999995,0.35000000000000003,0.6,0.7047619047619048,,,,,,,,,,
<class 'sklearn.svm.classes.SVC'>,,,,,,,,,,,,,,,,rbf,,,,,,,,,,,,,True,,,,,,,<class 'diogenes.grid_search.grid_search_helper.SubsetSweepNumRows'>,,,,"[100, 200, 300]",,,<class 'sklearn.cross_validation.StratifiedKFold'>,,,,,,3,,,,,,,,,,100,,1,,,,,0.73913043478260865,0.34926470588235292,0.6699999999999999,0.33999999999999997,0.0,0.0,0.15238095238095237,,,,,,,,,,
<class 'sklearn.svm.classes.SVC'>,,,,,,,,,,,,,,,,rbf,,,,,,,,,,,,,True,,,,,,,<class 'diogenes.grid_search.grid_search_helper.SubsetSweepNumRows'>,,,,"[100, 200, 300]",,,<class 'sklearn.cross_validation.StratifiedKFold'>,,,,,,3,,,,,,,,,,100,,2,,,,,0.69387755102040816,0.19669117647058823,0.6699999999999999,0.33999999999999997,0.0,0.0,0.0,,,,,,,,,,
<class 'sklearn.svm.classes.SVC'>,,,,,,,,,,,,,,,,rbf,,,,,,,,,,,,,True,,,,,,,<class 'diogenes.grid_search.grid_search_helper.SubsetSweepNumRows'>,,,,"[100, 200, 300]",,,<class 'sklearn.cross_validation.StratifiedKFold'>,,,,,,3,,,,,,,,,,200,,0,,,,,0.0,0.57813911472448054,1.0,0.82,0.6,0.40952380952380957,0.48461538461538467,,,,,,,,,,
<class 'sklearn.svm.classes.SVC'>,,,,,,,,,,,,,,,,rbf,,,,,,,,,,,,,True,,,,,,,<class 'diogenes.grid_search.grid_search_helper.SubsetSweepNumRows'>,,,,"[100, 200, 300]",,,<class 'sklearn.cross_validation.StratifiedKFold'>,,,,,,3,,,,,,,,,,200,,1,,,,,0.0,0.52019230769230773,1.0,0.84,0.6166666666666666,0.5428571428571428,0.3791208791208791,,,,,,,,,,
<class 'sklearn.svm.classes.SVC'>,,,,,,,,,,,,,,,,rbf,,,,,,,,,,,,,True,,,,,,,<class 'diogenes.grid_search.grid_search_helper.SubsetSweepNumRows'>,,,,"[100, 200, 300]",,,<class 'sklearn.cross_validation.StratifiedKFold'>,,,,,,3,,,,,,,,,,200,,2,,,,,0.0,0.43653846153846154,0.33999999999999997,0.16,0.38333333333333336,0.45714285714285713,0.3032967032967033,,,,,,,,,,
<class 'sklearn.svm.classes.SVC'>,,,,,,,,,,,,,,,,rbf,,,,,,,,,,,,,True,,,,,,,<class 'diogenes.grid_search.grid_search_helper.SubsetSweepNumRows'>,,,,"[100, 200, 300]",,,<class 'sklearn.cross_validation.StratifiedKFold'>,,,,,,3,,,,,,,,,,300,,0,,,,,0.078431372549019607,0.5680449618627057,1.0,0.5,0.4,0.7,0.75,,,,,,,,,,
<class 'sklearn.svm.classes.SVC'>,,,,,,,,,,,,,,,,rbf,,,,,,,,,,,,,True,,,,,,,<class 'diogenes.grid_search.grid_search_helper.SubsetSweepNumRows'>,,,,"[100, 200, 300]",,,<class 'sklearn.cross_validation.StratifiedKFold'>,,,,,,3,,,,,,,,,,300,,1,,,,,0.0,0.56483340024086715,1.0,0.5,0.6,0.8,0.65,,,,,,,,,,
<class 'sklearn.svm.classes.SVC'>,,,,,,,,,,,,,,,,rbf,,,,,,,,,,,,,True,,,,,,,<class 'diogenes.grid_search.grid_search_helper.SubsetSweepNumRows'>,,,,"[100, 200, 300]",,,<class 'sklearn.cross_validation.StratifiedKFold'>,,,,,,3,,,,,,,,,,300,,2,,,,,0.0,0.55399437976716182,1.0,0.5,0.4,0.5,0.6,,,,,,,,,,
