CRID,OfficerID,Gender,Race
1043946,8546,M,White
1043946,8717,M,White
1043946,7914,M,Black
1043959,798,F,Black
1043959,8488,M,Black
1043964,8405,F,Black
1043964,1299,F,White
1043964,8532,F,Hispanic
1043964,3145,M,Hispanic
1043965,8379,M,Hispanic
1043965,8678,M,White
1043965,8324,M,White
1044029,170,M,Black
1044029,451,F,Black
1044029,834,F,Black
1044029,4396,M,Hispanic
1044029,8702,M,Asian
1044029,5079,M,White
1044077,291,M,White
1044077,8417,M,White
1044077,1117,M,Hispanic
1044077,1368,F,White
1044077,8511,M,Hispanic
1044077,2938,M,White
1044077,3558,F,White
1044077,8754,M,White
1044077,6730,M,White
1044077,8258,M,White
1044088,6915,F,Hispanic
1044088,7891,M,White
1044106,1117,M,Hispanic
1044106,2065,M,White
1044106,4923,F,White
1044106,8754,M,White
1044106,8258,M,White
1044125,8354,F,White
1044125,830,F,Black
1044125,8531,F,Black
1044125,8028,M,Black
1044141,771,M,Black
1044141,5033,M,Hispanic
1044183,1992,F,White
1044183,3987,M,White
1044220,8388,M,White
1044220,8574,M,White
1044220,6592,M,White
1044246,4543,M,White
1044266,3174,M,White
1044266,4764,M,White
1044269,1367,M,White
1044269,2165,M,White
1044269,2782,M,Hispanic
1044269,2994,M,Black
1044269,6374,M,White
1044269,7079,M,White
1044271,8711,F,Hispanic
1044274,2218,M,White
1044274,2829,M,White
1044274,3357,M,White
1044274,4077,M,White
1044274,4412,M,White
1044274,4517,M,White
1044274,4868,M,White
1044274,7009,M,Black
1044281,3343,M,Black
1044281,8108,F,Black
1044304,5560,M,White
1044305,3852,M,White
1044321,762,F,Black
1044321,948,M,Black
1044321,2318,F,Black
1044321,5277,F,Black
1044321,8823,F,White
1044343,1377,M,White
1044343,3182,M,Black
1044358,8908,M,Black
1044382,4012,M,White
1044393,7965,M,White
1044407,6347,F,Black
1044415,5016,F,White
1044432,77,F,Black
1044432,3631,M,Black
1044432,4375,M,Hispanic
1044432,4504,M,White
1044432,7628,M,Hispanic
1044448,824,M,White
1044459,4866,M,White
1044464,3266,M,White
1044464,6321,M,Hispanic
1044475,8620,M,Black
1044475,3852,M,White
1044475,4359,M,White
1044475,4984,F,White
1044514,5394,M,White
1044514,5719,M,Black
1044514,5958,M,White
1044514,7014,M,White
1044589,8396,M,Black
1044589,8517,F,White
1044589,2442,M,White
1044589,543,F,White
1044654,8679,F,Hispanic
1044655,8407,M,Black
1044655,8415,M,Hispanic
1044655,8482,F,White
1044658,8583,M,White
1044673,17,F,Hispanic
1044673,2215,M,Black
1044690,683,M,Black
1044699,3910,M,White
1044747,290,M,White
1044775,1633,M,Black
1044775,2346,M,Black
1044775,4225,M,Black
1044780,4224,F,White
1044780,5475,M,White
1044806,8605,M,White
1044843,8455,F,White
1044852,2691,M,Hispanic
1044855,4782,F,White
1044875,63,M,Hispanic
1044875,1149,M,Hispanic
1044875,3544,M,Black
1044875,4854,F,Hispanic
1044875,7359,M,Black
1044898,183,M,White
1044898,1155,M,Hispanic
1044898,3180,M,Hispanic
1044898,3938,M,White
1044925,599,F,Black
1044925,8577,M,Black
1044925,5216,M,Black
1044925,8196,M,Black
1044936,1882,M,White
1044945,7850,F,White
1044960,598,M,White
1044987,5627,M,White
1045000,8910,M,White
1045016,8690,M,Black
1045018,8357,M,White
1045018,8749,F,White
1045024,3169,M,White
1045028,8341,M,White
1045028,1451,M,White
1045028,1887,M,White
1045028,6397,M,Asian
1045028,7234,M,White
1045029,,M,Black
1045099,3335,M,White
1045099,5723,F,White
1045105,5096,M,White
1045105,7603,M,White
1045111,8736,M,White
1045140,1656,M,Black
1045147,1511,M,White
1045147,4558,M,White
1045148,639,M,Hispanic
1045203,6169,F,Black
1045224,6903,M,White
1045256,2276,M,White
1045277,8378,M,White
1045277,4049,M,White
1045277,4816,M,White
1045277,5740,M,Hispanic
1045293,3936,F,White
1045293,5747,M,Hispanic
1045296,379,M,White
1045298,1728,M,Hispanic
1045305,8106,F,Black
1045316,1978,F,Black
1045316,7248,M,Black
1045318,6799,M,Hispanic
1045318,7120,M,White
1045320,759,M,Black
1045320,2319,M,Black
1045320,5667,M,Black
1045330,8589,F,White
1045331,,F,White
1045334,1159,M,Hispanic
1045334,1931,M,White
1045334,5880,F,White
1045334,6224,M,White
1045334,7389,M,Black
1045335,2974,M,White
1045376,568,M,Hispanic
1045376,890,M,Black
1045376,8452,F,White
1045376,8539,M,White
1045377,338,M,Black
1045378,4794,M,White
1045382,3879,M,White
1045382,8819,M,White
1045453,8382,M,White
1045453,587,M,White
1045453,8426,M,Hispanic
1045453,8446,M,Hispanic
1045453,8449,F,White
1045453,8462,M,Black
1045453,6831,M,Black
1045453,8636,F,White
1045453,8671,M,White
1045453,8712,M,White
1045453,5627,M,White
1045453,5796,M,Hispanic
1045453,5856,M,White
1045453,8885,M,Hispanic
1045456,5995,M,White
1045458,8653,F,Hispanic
1045516,8762,F,White
1045537,3948,F,White
1045562,8646,M,White
1045562,5894,F,White
1045598,243,F,Native American
1045598,7186,M,Black
1045608,1990,F,White
1045608,3796,M,Hispanic
1045608,7608,F,White
1045630,1616,M,Black
1045655,8838,F,Hispanic
1045666,1855,M,White
1045666,8116,M,White
1045676,279,M,Hispanic
1045680,8900,M,White
1045693,3135,M,Hispanic
1045701,1104,M,Hispanic
1045701,3401,F,Black
1045701,3581,F,Black
1045701,5206,M,Black
1045701,5229,M,Black
1045712,368,M,White
1045712,4227,M,White
1045712,5533,M,White
1045712,7729,M,Hispanic
1045739,3832,M,White
1045743,723,M,White
1045743,6512,M,Black
1045743,7761,M,Hispanic
1045743,8295,M,White
1045753,1438,F,Hispanic
1045753,8553,M,Hispanic
1045753,3242,M,White
1045753,5053,M,Hispanic
1045756,8454,F,White
1045758,7730,F,Hispanic
1045758,3183,M,Black
1045765,8515,M,White
1045775,1879,M,White
1045775,3169,M,White
1045795,5680,F,Black
1045800,5343,M,White
1045801,577,F,Hispanic
1045821,2329,M,Hispanic
1045922,4148,M,Hispanic
1045922,5061,M,Black
1045922,8203,F,Black
1045935,1270,M,Black
1045935,1602,M,White
1045935,1603,M,White
1045935,5538,M,Hispanic
1045963,8728,M,White
1045963,6465,M,Hispanic
1045994,4817,F,Hispanic
1046035,7907,M,White
1046074,8686,M,Black
1046077,2755,F,White
1046077,2613,F,Black
1046077,7014,M,White
1046077,7941,F,Black
1046088,5679,M,White
1046092,8364,M,White
1046095,8442,M,Black
1046095,3420,M,Black
1046095,3852,M,White
1046110,2679,M,Black
1046130,8520,M,Hispanic
1046137,35,M,Black
1046137,5761,M,Black
1046140,3361,F,Hispanic
1046140,8619,F,Black
1046140,8832,F,Black
1046140,8923,M,White
1046153,8582,F,White
1046184,260,M,White
1046184,1032,F,Hispanic
1046184,1441,M,Hispanic
1046223,784,M,Black
1046309,8632,F,White
1046316,5854,M,White
1046414,,M,White
1046420,8492,M,Black
1046484,1211,M,Black
1046484,4264,M,Black
1046484,4382,M,Black
1046512,3901,M,White
1046519,3419,M,White
1046519,4071,M,White
1046519,7603,M,White
1046552,2857,M,Hispanic
1046553,290,M,White
1046553,1851,M,Hispanic
1046553,2020,M,White
1046553,2534,M,White
1046553,3263,M,White
1046553,8600,M,White
1046553,4229,M,White
1046553,4771,M,White
1046553,4934,M,White
1046553,5723,F,White
1046553,5629,F,White
1046553,6929,M,Black
1046553,8898,M,Black
1046585,3848,M,White
1046585,5226,M,White
1046601,,M,Black
1046613,5750,M,Black
1046619,8468,F,Hispanic
1046639,8371,F,White
1046639,4256,F,White
1046653,4991,F,Black
1046712,930,M,White
1046726,1765,M,White
1046726,3236,M,White
1046726,3920,M,White
1046726,5091,M,Black
1046765,3677,M,White
1046772,7523,M,White
1046864,3599,F,Black
1046875,1091,M,White
1046875,5905,M,White
1046875,6534,M,White
1046875,7119,F,White
1046875,7869,M,White
1046875,8033,M,White
1046901,8406,F,Black
1046901,8514,F,Hispanic
1046901,5107,F,Black
1046901,8814,F,White
1046910,8390,M,White
1046910,6611,M,Hispanic
1046941,8385,M,White
1046941,8422,M,White
1046941,8450,M,White
1046941,2178,M,White
1046941,3674,M,White
1046941,8676,M,White
1046941,5000,M,White
1046941,5202,M,White
1046941,6351,F,Black
1046941,6509,F,Black
1046941,7175,M,White
1046946,1129,M,White
1046947,3548,M,White
1046980,6813,M,Black
1047001,1671,M,Black
1047003,907,F,White
1047003,8666,F,Black
1047022,4051,M,Black
1047028,612,M,White
1047028,8746,M,White
1047073,3148,F,Hispanic
1047074,4516,F,White
1047087,8516,F,White
1047097,8903,M,Black
1047100,4781,M,Asian
1047103,3361,F,Hispanic
1047103,3881,M,White
1047103,8923,M,White
1047129,8466,M,Hispanic
1047133,2241,M,White
1047148,97,M,White
1047148,4233,M,White
1047148,4281,M,White
1047148,6447,M,Hispanic
1047148,7440,M,Black
1047148,8004,F,Black
1047148,8899,F,Black
1047152,8434,M,White
1047153,3825,F,Black
1047153,8890,M,Black
1047179,981,M,White
1047199,6186,F,Black
1047233,7562,M,White
1047249,368,M,White
1047253,4459,M,White
1047268,152,M,Hispanic
1047268,6620,M,Hispanic
1047276,4459,M,White
1047300,6283,F,White
1047313,1605,M,White
1047313,7988,M,White
1047317,8635,M,White
1047319,388,M,Hispanic
1047319,1879,M,White
1047319,3241,M,White
1047319,7151,F,White
1047319,8902,M,White
1047327,2781,M,Hispanic
1047327,3401,F,Black
1047327,3581,F,Black
1047327,6633,M,White
1047405,5121,M,Asian
1047442,5749,M,Black
1047442,7002,M,White
1047442,8167,M,White
1047530,4733,F,White
1047532,1408,F,Black
1047532,8561,F,Black
1047532,5115,F,Black
1047589,1398,M,White
1047630,8776,M,White
1047630,7484,M,Hispanic
1047639,5102,M,White
1047650,8360,M,Hispanic
1047650,2494,M,Hispanic
1047650,3011,M,Black
1047669,1904,F,White
1047673,5978,F,Black
1047676,5451,M,Hispanic
1047687,6125,M,Black
1047700,8566,F,White
1047721,5096,M,White
1047739,8366,M,Black
1047739,2531,M,Hispanic
1047739,8630,M,Black
1047743,8500,M,Black
1047743,6641,F,Black
1047783,683,M,Black
1047783,807,M,Black
1047783,3299,M,Black
1047783,3900,M,White
1047783,6073,M,Black
1047783,6802,M,Black
1047783,6997,M,White
1047783,8059,M,Black
1047791,1283,M,White
1047791,3754,M,White
1047791,5611,M,Hispanic
1047791,8808,M,Hispanic
1047791,8879,F,Black
1047795,2231,M,White
1047795,4500,M,White
1047799,1438,F,Hispanic
1047824,3323,M,Black
1047838,2783,M,Hispanic
1047838,8689,M,Black
1047846,4313,M,Hispanic
1047904,2986,M,White
1047907,7388,F,White
1047925,2631,M,White
1047931,8648,M,White
1047936,569,F,Hispanic
1047936,8441,F,Black
1047936,2839,M,Black
1047936,4473,M,Black
1047936,8073,M,Black
1047939,2976,F,White
1047939,5211,F,White
1047939,6494,M,White
1047984,3614,M,Black
1047984,6000,M,Black
1047984,7468,M,White
1047984,8915,M,Black
1047990,8612,M,Black
1047990,3574,M,White
1047990,8785,M,Black
1047990,8896,M,Black
1047990,8907,M,Black
1048041,564,M,Black
1048041,1694,M,White
1048041,2123,M,Black
1048062,6128,M,White
1048062,8258,M,White
1048075,4723,M,White
1048075,8831,F,White
1048077,448,M,White
1048077,1146,M,Hispanic
1048077,2373,M,White
1048077,3746,M,White
1048077,5018,M,White
1048079,3886,F,White
1048088,7522,M,White
1048102,496,M,White
1048102,1140,M,White
1048102,1249,M,Hispanic
1048102,1802,M,Hispanic
1048121,1140,M,White
1048121,1802,M,Hispanic
1048134,709,M,White
1048134,1201,M,White
1048134,2346,M,Black
1048134,5034,M,Black
1048134,5956,F,Black
1048134,6009,M,White
1048149,6614,M,Hispanic
1048155,8825,F,White
1048155,7184,M,White
1048179,3901,M,White
1048179,5417,M,Black
1048277,2548,M,Hispanic
1048296,3951,M,White
1048368,2409,M,Black
1048368,3220,F,White
1048368,8170,F,White
1048369,2165,M,White
1048369,2782,M,Hispanic
1048369,6374,M,White
1048407,8801,M,White
1048409,4998,M,White
1048411,5938,M,White
1048426,2134,M,White
1048435,6739,M,White
1048481,8557,M,White
1048481,8576,F,Hispanic
1048497,8376,M,Black
1048525,1056,M,Hispanic
1048527,8365,M,White
1048527,1877,F,White
1048529,7184,M,White
1048556,8708,F,Hispanic
1048561,1368,F,White
1048562,8584,F,White
1048562,4653,F,Black
1048571,8455,F,White
1048571,8505,F,White
1048571,2294,M,Asian
1048571,4031,M,Hispanic
1048615,4724,M,White
1048615,4804,M,Black
1048615,5833,M,White
1048641,930,M,White
1048641,1728,M,Hispanic
1048681,563,M,White
1048681,8510,F,White
1048681,2120,F,Hispanic
1048681,4159,M,Hispanic
1048681,4290,M,Hispanic
1048681,5745,M,Hispanic
1048681,6565,M,White
1048681,8267,M,Native American
1048681,8924,F,White
1048689,8663,F,White
1048700,8886,F,Hispanic
1048700,8921,F,Hispanic
1048706,1608,M,White
1048706,2660,M,Hispanic
1048723,2703,F,White
1048755,3546,M,Black
1048758,8403,F,Black
1048758,8681,F,Hispanic
1048774,6739,M,White
1048799,2344,M,Black
1048799,3615,M,Black
1048811,1461,M,Black
1048811,2188,M,Hispanic
1048811,5761,M,Black
1048811,8086,M,Black
1048851,8349,M,Hispanic
1048851,8696,F,White
1048854,665,F,Black
1048871,2143,M,White
1048901,4158,M,Hispanic
1048901,8250,F,Black
1048903,929,M,White
1048903,5012,M,White
1048905,8199,M,Black
1048926,4697,M,Black
1048926,6336,F,Black
1048935,1706,M,White
1048947,7911,M,Black
1048951,317,M,Black
1048993,1546,F,White
1048993,4056,M,White
1048993,4615,M,Hispanic
1048993,8781,F,White
1048999,,F,White
1049002,8793,M,Black
1049077,1028,M,White
1049077,3881,M,White
1049077,8684,M,White
1049077,5845,F,Black
1049091,4731,M,Black
1049091,8249,M,Black
1049096,8072,M,Black
1049118,2529,M,Black
1049150,7067,M,White
1049150,8846,M,White
1049154,1352,F,Native American
1049161,3196,M,Black
1049161,6403,M,Hispanic
1049170,8222,M,White
1049193,1071,M,Black
1049193,6975,M,White
1049208,4863,F,Black
1049212,8608,F,White
1049212,8735,F,White
1049212,8771,F,White
1049215,8349,M,Hispanic
1049215,8696,F,White
1049215,8759,M,White
1049215,6913,M,White
1049215,8848,M,White
1049215,8892,M,Black
1049268,8186,F,Asian
1049270,2108,F,White
1049350,918,M,Hispanic
1049350,1612,M,White
1049362,3488,M,Hispanic
1049415,2898,M,Hispanic
1049415,3087,M,White
1049415,3616,F,Black
1049415,8058,F,Black
1049421,5484,M,White
1049425,3414,M,Asian
1049429,8370,M,White
1049448,8352,M,White
1049448,8425,M,White
1049448,1095,M,White
1049448,1216,M,White
1049448,1446,M,Hispanic
1049448,1936,M,White
1049448,1952,M,White
1049448,8565,M,Black
1049448,8592,M,Black
1049448,3772,M,White
1049448,4705,M,Black
1049448,8731,M,White
1049448,8733,M,White
1049457,399,M,White
1049461,8610,F,White
1049488,6990,M,Black
1049494,5823,M,Black
1049532,1520,M,Black
1049532,1751,F,Hispanic
1049532,3628,F,Black
1049532,5079,M,White
1049532,8726,F,Hispanic
1049552,3325,M,Black
1049552,4843,M,Black
1049552,7087,F,White
1049569,5420,M,White
1049584,919,M,Hispanic
1049586,362,M,White
1049636,8659,F,Black
1049636,7969,M,Black
1049659,1839,F,White
1049659,4911,F,Black
1049659,8894,M,Black
1049659,8112,M,Black
1049687,3979,F,White
1049687,6071,M,White
1049697,3320,M,White
1049700,4473,M,Black
1049735,1437,M,White
1049735,1743,M,Hispanic
1049735,2772,M,White
1049735,5526,M,White
1049739,4830,M,Black
1049740,8627,M,Hispanic
1049763,1971,M,White
1049763,2138,F,White
1049779,4069,M,Hispanic
1049779,5058,M,Black
1049799,4331,M,White
1049813,6763,M,White
1049819,2132,M,White
1049819,3173,F,White
1049819,3526,M,Asian
1049819,6520,M,White
1049834,3301,F,Black
1049834,7919,F,Black
1049836,8822,F,White
1049850,387,F,Hispanic
1049853,7669,F,Hispanic
1049892,1884,M,White
1049892,2807,M,Black
1049892,4508,F,White
1049910,2870,M,White
1049910,5641,F,White
1049910,5868,M,White
1049931,7974,M,Black
1049993,1066,M,White
1049993,5566,M,White
1049997,8326,F,White
1050011,4605,M,Black
1050013,5469,F,White
1050032,240,F,Hispanic
1050032,2545,M,White
1050032,2686,M,Hispanic
1050032,3134,M,Hispanic
1050032,1853,F,Black
1050032,7502,M,Hispanic
1050032,7633,M,Hispanic
1050042,8437,M,Hispanic
1050042,4952,M,White
1050042,7913,M,White
1050074,,M,Black
1050081,3542,F,Black
1050081,3859,M,Black
1050081,5705,M,Black
1050081,6675,M,Black
1050081,7881,M,Black
1050085,5602,M,White
1050085,6917,M,Black
1050107,8685,F,Black
1050107,5874,M,Black
1050138,6705,M,Hispanic
1050139,4847,M,White
1050142,2480,F,White
1050142,7181,M,White
1050154,5213,M,Black
1050156,2215,M,Black
1050156,7557,M,White
1050160,1222,M,Asian
1050175,4925,M,White
1050193,3129,M,Hispanic
1050256,1645,M,Black
1050256,5832,M,Black
1050261,7825,F,Black
1050264,2525,M,Black
1050264,7208,M,White
1050285,8579,M,White
1050290,3784,F,White
1050290,8790,M,Hispanic
1050298,359,F,Black
1050298,8395,F,White
1050312,2145,M,White
1050330,2949,M,White
1050334,3159,F,Hispanic
1050338,8770,M,White
1050340,,M,White
1050341,1106,M,Hispanic
1050341,5627,M,White
1050341,8802,F,Black
1050341,8291,F,Hispanic
1050351,8373,M,White
1050382,8277,M,White
1050389,1632,M,Black
1050389,3028,M,Black
1050389,6447,M,Hispanic
1050402,1443,F,Hispanic
1050402,4770,F,White
1050421,8498,M,Black
1050421,3192,M,White
1050421,8593,F,White
1050421,5627,M,White
1050421,8291,F,Hispanic
1050425,810,M,Black
1050431,3808,M,White
1050448,7210,M,White
1050498,8343,M,Hispanic
1050498,184,M,Black
1050498,287,F,Asian
1050498,920,M,Hispanic
1050498,1500,M,Black
1050498,2411,M,Black
1050498,3053,F,Black
1050498,8604,F,Black
1050498,3476,M,White
1050498,3789,M,Black
1050498,4100,M,Black
1050498,4125,M,Black
1050498,5836,F,Black
1050498,5925,F,Black
1050498,8863,M,Black
1050502,765,M,Black
1050502,4804,M,Black
1050553,7212,M,White
1050573,4655,M,White
1050573,8777,M,Asian
1050599,6689,M,Hispanic
1050606,2629,M,Black
1050606,5719,M,Black
1050621,,M,White
1050623,8377,F,Black
1050623,777,M,Black
1050637,8798,F,White
1050637,8905,F,Black
1050653,585,F,White
1050653,4246,F,White
1050653,5857,M,White
1050657,2862,M,White
1050657,7751,M,White
1050671,8410,M,White
1050671,4905,M,Hispanic
1050692,5670,M,Black
1050708,2206,M,White
1050715,5875,M,White
1050723,8569,M,White
1050725,6640,M,Black
1050750,8507,M,Asian
1050750,7215,M,White
1050759,832,M,White
1050784,2287,M,Hispanic
1050784,2691,M,Hispanic
1050787,5814,M,Black
1050799,1343,M,Black
1050866,8817,M,White
1050944,797,M,Black
1050944,5662,M,Asian
1050949,8509,M,White
1050949,2917,F,White
1050949,3731,M,White
1050949,4366,M,Hispanic
1050949,4795,F,White
1050949,6580,M,White
1050949,7494,M,Hispanic
1050949,7671,M,Hispanic
1050956,5297,M,Black
1050956,7367,M,White
1051016,5705,M,Black
1051016,6069,M,White
1051016,7533,M,White
1051021,8024,M,Black
1051026,8306,F,White
1051030,3175,M,White
1051044,5527,M,Hispanic
1051052,1906,M,White
1051052,8812,M,Hispanic
1051052,6980,F,White
1051071,611,M,Black
1051081,5998,M,Asian
1051081,8859,F,White
1051081,8904,F,Black
1051141,8475,M,Black
1051149,7024,M,White
1051149,7159,M,White
1051158,1520,M,Black
1051158,5703,M,Black
1051158,5899,M,Black
1051177,8347,F,Hispanic
1051177,3954,M,White
1051214,3662,M,Hispanic
1051242,8429,M,White
1051248,61,F,Hispanic
1051248,7088,M,Hispanic
1051267,8386,F,White
1051292,8750,F,White
1051292,6833,M,White
1051295,988,F,White
1051295,3372,F,Native American
1051295,4070,M,Hispanic
1051295,6106,M,Hispanic
1051299,2279,M,Hispanic
1051299,2801,M,Black
1051299,8873,M,Black
1051325,8428,F,White
1051325,5127,M,White
1051325,5672,M,White
1051346,4242,M,Black
1051363,2,F,Hispanic
1051363,2062,M,Asian
1051363,7245,M,White
1051363,7610,M,White
1051382,8581,M,White
1051388,186,M,Black
1051388,6246,F,Black
1051397,1100,M,White
1051415,1608,M,White
1051415,3584,M,Hispanic
1051415,4727,M,White
1051452,548,M,White
1051452,2460,M,White
1051525,6440,F,Black
1051587,463,F,Black
1051616,345,M,White
1051616,2191,M,Hispanic
1051616,3881,M,White
1051616,6047,M,Hispanic
1051680,5186,F,White
1051706,8339,F,Black
1051706,8443,F,White
1051706,8461,F,Black
1051706,8621,F,Black
1051706,8725,M,Hispanic
1051708,8571,M,White
1051708,7420,M,Black
1051891,8436,F,Black
1051891,8448,F,White
1051891,6351,F,Black
1051891,8859,F,White
1051920,5764,M,Hispanic
1051924,8399,M,White
1051924,4308,M,Hispanic
1051924,4511,M,Hispanic
1051924,5399,F,White
1051924,8751,F,Black
1051924,6824,M,Hispanic
1051924,8860,F,White
1051960,1350,M,Hispanic
1051976,1129,M,White
1051976,2275,F,White
1051976,4786,M,White
1051976,5446,F,White
1051976,5682,M,White
1051976,5980,M,White
1051976,8787,M,White
1051977,8707,F,Black
1051984,,M,Hispanic
1051988,8597,F,Black
1052022,6763,M,White
1052025,2305,M,White
1052025,2505,M,Hispanic
1052034,3837,M,Asian
1052043,3211,M,White
1052056,6036,M,White
1052058,6036,M,White
1052063,8231,M,Hispanic
1052068,5300,M,Black
1052083,145,M,White
1052083,851,M,White
1052083,1541,M,Hispanic
1052103,820,M,White
1052147,3816,F,White
1052155,8410,M,White
1052155,8806,F,White
1052155,8807,F,White
1052183,2539,M,Hispanic
1052183,2848,M,Black
1052183,7781,M,White
1052200,585,F,White
1052200,8508,F,White
1052200,2348,F,Black
1052200,8602,F,Black
1052200,7839,F,White
1052207,7604,M,White
1052207,6773,F,White
1052214,6640,M,Black
1052216,8540,F,Black
1052220,7911,M,Black
1052223,8652,M,Unknown
1052237,8435,M,Asian
1052237,5869,M,Black
1052237,7986,M,Black
1052250,5936,M,White
1052253,583,M,Asian
1052253,718,M,White
1052253,1606,M,White
1052253,1764,M,White
1052253,1850,M,Asian
1052253,3481,M,White
1052253,4455,M,White
1052253,6187,M,Hispanic
1052253,6836,M,White
1052253,7081,M,White
1052253,7666,M,White
1052258,890,M,Black
1052258,5635,M,White
1052258,6992,M,White
1052266,6638,M,Asian
1052267,7292,F,White
1052274,830,F,Black
1052274,1287,M,Black
1052291,1900,M,White
1052291,8562,M,White
1052315,8347,F,Hispanic
1052315,1588,M,Asian
1052315,2371,M,White
1052315,3954,M,White
1052315,7585,M,White
1052329,2664,M,White
1052351,147,M,Hispanic
1052351,5779,M,Hispanic
1052405,908,F,White
1052435,6859,M,Black
1052444,5627,M,White
1052450,55,M,Hispanic
1052450,3630,M,Black
1052475,2136,F,Hispanic
1052475,8525,M,White
1052475,8573,M,White
1052475,3012,F,White
1052475,3533,M,White
1052475,3708,M,White
1052475,8639,F,White
1052475,5419,F,White
1052475,5982,M,White
1052475,6366,F,White
1052475,6464,F,Hispanic
1052475,8877,F,White
1052486,8460,F,Black
1052486,8660,M,Black
1052509,7869,M,White
1052509,8033,M,White
1052510,568,M,Hispanic
1052510,3727,M,White
1052510,3943,M,White
1052517,2381,M,White
1052517,3542,F,Black
1052517,5512,M,Hispanic
1052517,7974,M,Black
1052529,660,M,Black
1052529,972,M,Hispanic
1052529,4234,M,Native American
1052529,4724,M,White
1052555,2480,F,White
1052555,3852,M,White
1052561,3323,M,Black
1052565,8586,M,Hispanic
1052565,8789,M,White
1052566,8496,M,Black
1052591,1350,M,Hispanic
1052591,4324,M,Hispanic
1052591,6636,M,White
1052600,44,F,White
1052624,,M,White
1052626,8817,M,White
1052627,3342,M,Black
1052673,329,M,Black
1052691,2888,F,Black
1052691,4194,M,Black
1052691,5582,M,White
1052692,2964,M,White
1052695,5627,M,White
1052708,7327,M,White
1052722,3869,M,White
1052735,3701,M,White
1052735,5480,M,Hispanic
1052735,5666,F,Black
1052746,7206,M,White
1052769,2765,M,White
1052769,4173,M,White
1052769,5446,F,White
1052769,5590,M,White
1052769,6770,F,White
1052776,8408,M,White
1052776,906,M,White
1052776,1540,M,Hispanic
1052776,4165,M,White
1052776,4545,M,White
1052776,4714,M,White
1052776,5777,M,Hispanic
1052807,7740,F,Hispanic
1052813,630,M,Black
1052813,3851,M,White
1052861,8625,M,White
1052880,3731,M,White
1052881,8375,F,Black
1052884,8137,M,Black
1052896,3679,M,White
1052896,4569,M,Hispanic
1052896,7599,M,White
1052903,8355,M,Hispanic
1052903,8268,M,White
1052910,7826,M,Black
1052915,4907,M,Black
1052915,5518,M,White
1052915,5749,M,Black
1052932,4781,M,Asian
1052936,246,M,Black
1052936,1689,M,Black
1052936,3635,M,Black
1052945,6065,M,White
1052970,726,M,Black
1052970,1642,M,Hispanic
1052970,2036,M,White
1052970,3079,M,White
1052970,4025,M,White
1052970,4126,M,White
1052970,8716,M,Hispanic
1052970,8723,M,Black
1052970,5668,M,Native American
1052970,6131,M,White
1052970,6199,M,Hispanic
1052970,7013,M,Black
1052981,215,M,Black
1052981,1176,M,Black
1052981,8524,M,White
1052981,8587,M,Hispanic
1052981,8109,F,Black
1052983,2136,F,Hispanic
1052983,6273,M,White
1052999,3848,M,White
1053009,8235,M,Black
1053041,8467,M,Hispanic
1053081,4041,M,White
1053081,8840,F,Hispanic
1053112,5545,M,Hispanic
1053134,3221,M,White
1053134,8925,F,White
1053142,823,M,Black
1053147,7303,F,Hispanic
1053147,7533,M,White
1053154,65,M,Hispanic
1053154,5222,M,White
1053154,6104,F,Hispanic
1053187,1228,F,White
1053208,8588,M,Hispanic
1053214,2838,M,Black
1053214,2953,F,Black
1053214,4340,M,White
1053214,7731,M,Hispanic
1053214,7976,M,Black
1053238,596,M,White
1053248,8614,F,Black
1053288,1277,M,Black
1053317,1424,M,Black
1053317,7944,M,Black
1053324,8654,M,Hispanic
1053336,8837,M,White
1053341,432,M,Hispanic
1053341,1800,M,Hispanic
1053341,4318,M,Hispanic
1053351,1374,M,White
1053351,2964,M,White
1053362,3770,M,White
1053378,206,M,White
1053378,5565,M,Hispanic
1053381,7564,M,White
1053385,8409,M,Black
1053385,2620,F,Hispanic
1053410,4454,M,White
1053410,4741,M,Black
1053410,5611,M,Hispanic
1053421,8705,F,White
1053432,1962,M,White
1053472,5471,F,Black
1053473,3510,M,White
1053473,3968,M,White
1053475,754,M,White
1053475,4427,F,Asian
1053488,7801,M,White
1053488,8922,M,White
1053498,2887,M,White
1053498,5430,M,White
1053498,6796,M,White
1053498,7175,M,White
1053502,3015,M,Black
1053509,8418,M,White
1053509,3088,M,White
1053509,4045,F,White
1053526,8740,M,White
1053526,5763,M,Hispanic
1053526,8884,M,Hispanic
1053545,6729,F,Black
1053546,3476,M,White
1053563,735,M,White
1053563,5424,F,White
1053571,863,F,Hispanic
1053571,1062,M,White
1053571,1232,F,White
1053571,3249,M,White
1053591,220,M,White
1053637,1133,M,White
1053637,7229,M,White
1053649,4907,M,Black
1053649,5749,M,Black
1053695,2227,F,White
1053716,448,M,White
1053716,1146,M,Hispanic
1053716,2373,M,White
1053716,6983,M,White
1053716,7498,M,Hispanic
1053725,3001,F,Black
1053725,8603,F,Black
1053725,6862,F,Black
1053767,2940,M,White
1053767,3732,M,White
1053767,8626,M,Asian
1053767,4750,M,White
1053767,7137,F,White
1053775,8592,M,Black
1053784,729,M,White
1053784,3903,M,White
1053784,8680,M,Hispanic
1053784,8699,M,Hispanic
1053784,8774,M,Black
1053784,8204,F,Black
1053791,33,M,Black
1053791,8016,M,Black
1053821,2180,F,White
1053821,4497,M,White
1053830,227,M,Hispanic
1053830,3011,M,Black
1053830,4247,M,White
1053830,5428,M,White
1053830,5502,M,White
1053830,8871,M,White
1053923,,M,Black
1053927,8858,M,Black
1053929,391,F,Black
1053929,1085,M,Black
1053929,1687,M,Hispanic
1053929,3124,M,Hispanic
1053929,3244,M,Black
1053929,3556,M,Black
1053929,8647,M,White
1053929,4624,M,Black
1053929,5032,M,Hispanic
1053929,5135,M,White
1053929,5206,M,Black
1053929,6745,M,White
1053942,325,M,White
1053942,6092,M,Hispanic
1053942,7057,M,White
1053946,1478,M,Black
1053946,6377,M,Black
1053947,8572,F,White
1054001,2257,M,Black
1054013,6797,M,White
1054023,477,M,Black
1054023,1054,M,Hispanic
1054023,6061,M,White
1054024,8549,M,Hispanic
1054028,5348,F,Black
1054028,6920,F,Black
1054039,6902,M,White
1054045,7604,M,White
1054048,3467,M,White
1054063,2578,M,White
1054063,8651,F,Black
1054063,7232,F,White
1054080,8810,M,White
1054080,8816,M,White
1054141,2007,M,White
1054178,2798,F,White
1054178,8694,M,White
1054178,7233,F,White
1054189,5554,F,Hispanic
1054189,8778,F,White
1054215,8831,F,White
1054258,1830,M,White
1054259,5784,F,Hispanic
1054265,260,M,White
1054265,1780,M,Asian
1054265,3731,M,White
1054265,4775,M,White
1054265,5351,M,Asian
1054265,6005,M,White
1054315,8411,F,Black
1054333,5854,M,White
1054347,6368,F,White
1054406,2509,F,Hispanic
1054465,2262,M,White
1054466,4111,M,Asian
1054466,8066,M,White
1054469,3589,M,Black
1054469,3679,M,White
1054477,692,F,Black
1054477,801,M,Black
1054477,1453,M,White
1054477,1549,M,Black
1054477,8469,F,Hispanic
1054477,2725,F,Hispanic
1054477,2877,F,White
1054477,8569,M,White
1054477,3180,M,Hispanic
1054477,3800,M,Black
1054477,3989,M,White
1054477,8786,M,White
1054477,6420,F,Hispanic
1054477,6572,M,White
1054477,6580,M,White
1054477,7078,M,Black
1054477,7152,F,Black
1054477,7948,F,White
1054477,8095,F,Black
1054480,7483,F,Hispanic
1054491,8869,F,Black
1054581,,F,Black
1054582,6735,M,Hispanic
1054598,4781,M,Asian
1054624,8258,M,White
1054645,,M,Hispanic
1054655,7014,M,White
1054658,3221,M,White
1054693,1478,M,Black
1054693,2769,M,White
1054693,2774,M,Black
1054693,5335,M,White
1054705,2180,F,White
1054740,3867,M,White
1054752,2305,M,White
1054752,2963,M,White
1054761,8462,M,Black
1054761,8587,M,Hispanic
1054761,7487,M,Hispanic
1054769,3886,F,White
1054805,426,M,Black
1054814,309,F,Black
1054826,3962,F,White
1054830,2065,M,White
1054830,8645,M,White
1054855,8419,F,Black
1054855,1499,M,Black
1054855,2411,M,Black
1054855,8604,F,Black
1054855,3849,M,Black
1054855,4140,M,Black
1054855,6163,M,Black
1054855,7133,M,Black
1054855,2620,F,Hispanic
1054855,8893,F,Black
1054855,8895,M,Black
1054855,8906,F,Black
1054891,3027,M,White
1054892,350,M,Hispanic
1054918,2502,M,Hispanic
1054935,1069,M,White
1054935,1191,M,White
1054935,5976,M,White
1054935,7522,M,White
1054967,884,M,Black
1054967,8563,F,Black
1054967,8640,M,White
1054967,5755,M,Black
1054967,8868,F,Black
1054967,8081,M,Black
1054968,1433,M,Hispanic
1054968,2097,M,Hispanic
1054968,6524,M,White
1054979,1671,M,Black
1054979,6339,M,Black
1054983,955,M,White
1054983,5830,F,White
1054987,3481,M,White
1054987,5353,M,Hispanic
1054987,6836,M,White
1054991,3259,M,Black
1054991,3841,M,Black
1054996,4071,M,White
1055022,6353,M,Black
1055026,8805,M,Hispanic
1055026,6933,M,Hispanic
1055026,7850,F,White
1055032,2265,M,White
1055032,6576,M,White
1055059,3146,M,Hispanic
1055120,7595,M,Hispanic
1055129,8389,F,White
1055129,5003,M,White
1055129,5814,M,Black
1055189,1601,F,White
1055189,4999,M,White
1055189,8730,F,Hispanic
1055189,6239,F,White
1055189,7137,F,White
1055200,3763,M,Black
1055200,4136,M,Asian
1055208,8491,M,White
1055208,5275,F,Black
1055208,7442,M,White
1055212,5851,M,White
1055216,5441,M,White
1055231,953,M,Asian
1055232,,M,Hispanic
1055239,8801,M,White
1055374,3842,M,Black
1055418,1435,F,Hispanic
1055418,8548,F,Black
1055418,3389,F,Black
1055418,8183,M,Black
1055513,1111,M,Hispanic
1055526,,M,Hispanic
1055546,4749,F,White
1055564,8199,M,Black
1055601,2305,M,White
1055601,2403,M,White
1055601,4742,M,White
1055626,8800,F,Hispanic
1055626,6841,M,White
1055677,8699,M,Hispanic
1055677,6044,M,White
1055678,144,F,Black
1055678,671,F,White
1055686,4342,M,Black
1055702,6537,M,White
1055710,6714,M,Hispanic
1055747,8821,M,White
1055794,6678,M,Hispanic
1055812,4059,M,White
1055812,6310,M,Hispanic
1055842,5653,M,White
1055848,6413,M,Hispanic
1055848,8253,M,Black
1055892,8742,M,White
1055892,7399,M,White
1055892,8207,M,White
1055900,3317,M,White
1055922,1992,F,White
1055922,4948,M,Black
1055922,6394,M,Hispanic
1055924,4904,F,White
1055928,6554,M,White
1055928,7718,M,White
1055928,7765,M,Hispanic
1055942,6197,M,Hispanic
1055980,1700,M,Black
1056019,2737,M,Hispanic
1056019,7648,M,Hispanic
1056031,10,F,White
1056031,6707,M,Hispanic
1056073,5428,M,White
1056073,7597,F,White
1056073,8273,F,White
1056091,3637,M,Black
1056110,5835,M,Black
1056121,538,M,White
1056135,8397,M,White
1056135,2343,F,Black
1056140,8730,F,Hispanic
1056150,,M,White
1056160,2431,M,White
1056160,5682,M,White
1056197,6896,F,Black
1056224,1538,M,Asian
1056233,317,M,Black
1056261,1368,F,White
1056306,1915,M,Black
1056306,8631,M,Black
1056326,7990,M,White
1056373,8472,F,White
1056376,4148,M,Hispanic
1056382,8387,M,Black
1056382,4969,M,White
1056405,8367,M,Hispanic
1056405,8655,M,Hispanic
1056405,8741,M,Hispanic
1056405,5610,F,Hispanic
1056425,3901,M,White
1056443,6773,F,White
1056448,1712,M,White
1056449,8346,F,Black
1056449,2877,F,White
1056449,8570,F,White
1056450,3914,M,White
1056450,6931,M,White
1056450,7293,M,White
1056450,7453,F,White
1056450,7782,F,White
1056457,8481,M,Hispanic
1056475,,M,White
1056476,8607,F,Black
1056495,290,M,White
1056495,1088,M,White
1056495,3078,M,White
1056495,3263,M,White
1056495,3979,F,White
1056495,5482,M,White
1056495,6071,M,White
1056495,7260,M,White
1056495,8221,M,White
1056504,8484,M,Hispanic
1056504,7299,M,White
1056508,1157,M,Hispanic
1056513,3800,M,Black
1056513,5785,M,Hispanic
1056514,8134,M,Black
1056516,373,F,Black
1056516,2279,M,Hispanic
1056517,8883,M,Hispanic
1056520,1228,F,White
1056520,4103,M,White
1056520,4607,M,Hispanic
1056520,8060,M,Black
1056536,5785,M,Hispanic
1056545,3187,M,White
1056554,7911,M,Black
1056573,545,M,White
1056600,319,M,White
1056600,8761,M,White
1056623,,M,White
1056635,3427,M,Black
1056636,1183,F,Hispanic
1056636,3141,F,Hispanic
1056636,3335,M,White
1056636,7748,M,White
1056636,7867,M,Black
1056666,961,M,White
1056685,400,F,White
1056685,6944,F,Black
1056695,2950,M,Asian
1056731,3409,M,Hispanic
1056779,261,M,Hispanic
1056808,6198,F,Hispanic
1056820,8412,F,Black
1056878,8359,F,Black
1056878,8459,M,White
1056878,2542,M,Hispanic
1056878,6152,M,White
1056888,7524,F,Black
1056895,,F,White
1056903,6762,M,White
1056949,5717,M,Native American
1056962,8349,M,Hispanic
1056968,222,M,White
1056968,3854,M,White
1056968,5005,M,White
1056968,7545,M,White
1056968,7986,M,Black
1056971,1370,M,Black
1056971,8849,F,Black
1056972,8677,M,Hispanic
1057028,358,M,White
1057028,511,M,White
1057028,770,M,Black
1057028,8431,F,White
1057028,3800,M,Black
1057028,4876,M,White
1057053,3078,M,White
1057053,3263,M,White
1057053,3979,F,White
1057053,4096,M,Hispanic
1057053,5482,M,White
1057053,6071,M,White
1057053,7260,M,White
1057125,8501,M,White
1057142,8361,M,Black
1057142,8618,M,Black
1057167,219,M,White
1057167,8649,M,White
1057167,5309,M,White
1057167,8818,M,White
1057167,7316,M,White
1057167,8913,M,White
1057171,4839,M,White
1057210,1540,M,Hispanic
1057210,7276,M,White
1057229,375,M,Black
1057229,3569,F,White
1057229,8658,F,Black
1057229,4282,M,Black
1057299,4654,M,Black
1057300,8025,F,White
1057320,6975,M,White
1057320,7079,M,White
1057323,8290,F,Hispanic
1057341,3601,M,Black
1057341,8709,M,Hispanic
1057341,5292,M,Black
1057370,2924,F,Black
1057370,8734,M,White
1057370,6964,M,Black
1057419,4643,M,Black
1057428,3046,M,Black
1057483,5160,M,White
1057487,8564,M,Black
1057487,8842,F,Black
1057487,7199,M,Black
1057491,8542,F,Black
1057523,8564,M,Black
1057523,8842,F,Black
1057523,7199,M,Black
1057559,2771,M,Black
1057559,7388,F,White
1057560,,M,White
1057566,2984,F,Black
1057571,3564,M,Black
1057625,1077,M,Black
1057625,7252,M,Black
1057650,4545,M,White
1057655,1105,M,Asian
1057671,8119,M,Black
1057683,1559,M,Hispanic
1057683,2734,F,Hispanic
1057765,4012,M,White
1057778,8342,M,Hispanic
1057778,1827,M,Asian
1057778,3760,M,White
1057778,8715,M,White
1057778,7668,F,Hispanic
1057810,1333,M,Hispanic
1057810,6657,M,Hispanic
1057840,295,M,White
1057840,3951,M,White
1057853,8617,F,Black
1057876,973,M,Hispanic
1057891,885,M,Black
1057891,1259,M,Hispanic
1057891,1821,M,White
1057923,6983,M,White
1057924,2312,M,Hispanic
1057924,8305,M,Hispanic
1057950,6840,M,Hispanic
1057957,4653,F,Black
1057957,5497,M,Black
1057957,8769,F,Black
1057962,8495,F,Hispanic
1057962,3310,M,Black
1057962,3822,M,White
1057962,8718,F,White
1057973,,M,White
1057989,7601,M,Hispanic
1058011,3400,M,White
1058014,4574,M,Hispanic
1058014,5534,M,Hispanic
1058014,6106,M,Hispanic
1058031,6983,M,White
1058042,1418,M,White
1058042,1651,M,Black
1058042,1789,M,White
1058042,2292,M,Hispanic
1058042,3301,F,Black
1058042,3374,M,Hispanic
1058042,4914,M,White
1058042,5955,F,Black
1058042,6603,M,White
1058042,7632,M,Hispanic
1058049,8760,F,Black
1058052,1689,M,Black
1058052,1467,M,Black
1058066,2195,M,White
1058066,3335,M,White
1058066,8638,M,White
1058066,8772,M,Hispanic
1058115,1415,M,Black
1058125,2020,M,White
1058126,6414,M,Hispanic
1058140,1819,F,Black
1058140,8623,F,Black
1058147,7487,M,Hispanic
1058147,8086,M,Black
1058169,8504,M,Black
1058172,1677,F,White
1058172,2176,F,White
1058172,2542,M,Hispanic
1058172,4590,F,Hispanic
1058193,5726,M,Black
1058220,2331,M,White
1058220,3169,M,White
1058220,6971,M,White
1058234,2038,F,Hispanic
1058234,4613,F,Hispanic
1058239,7510,M,Hispanic
1058288,8777,M,Asian
1058374,670,F,White
1058374,2624,M,White
1058374,3649,M,White
1058374,5262,M,Hispanic
1058374,8753,F,Hispanic
1058374,8792,M,Hispanic
1058374,8281,M,White
1058389,4475,M,White
1058396,,F,White
1058398,8540,F,Black
1058408,4793,M,White
1058428,,M,Hispanic
1058474,3465,M,White
1058474,8682,F,White
1058478,1978,F,Black
1058508,7110,F,Black
1058512,2413,M,Black
1058512,2752,M,White
1058512,2809,M,Black
1058512,3227,M,White
1058512,8637,F,White
1058512,4551,F,Black
1058512,5301,M,White
1058512,5695,M,White
1058521,5814,M,Black
1058521,8117,M,White
1058540,,M,White
1058541,8403,F,Black
1058541,8410,M,White
1058541,4905,M,Hispanic
1058541,6546,M,Hispanic
1058543,571,M,Hispanic
1058556,1105,M,Asian
1058569,5387,M,White
1058585,4006,M,White
1058596,7816,F,White
1058616,1421,M,Hispanic
1058646,1698,M,Black
1058653,1422,M,Hispanic
1058653,4097,M,White
1058653,8669,M,White
1058701,8393,M,White
1058721,3154,M,Hispanic
1058778,535,F,White
1058778,8757,M,Hispanic
1058779,1853,F,Black
1058782,,M,Black
1058800,4457,M,White
1058800,4946,M,White
1058801,8369,M,White
1058801,8526,M,White
1058809,6648,M,Hispanic
1058842,5183,M,White
1058879,,M,Black
1058919,8714,M,Black
1058927,7988,M,White
1058930,4068,M,Hispanic
1058994,930,M,White
1059003,8499,M,White
1059182,1732,M,White
1059197,2616,M,White
1059227,3387,M,White
1059259,4307,M,Hispanic
1059259,4534,F,Black
1059259,7263,M,White
1059273,530,M,White
1059273,1035,M,Black
1059273,8104,F,White
1059276,8483,M,White
1059276,6500,F,Black
1059276,7462,F,Black
1059288,253,M,Hispanic
1059288,3774,M,Hispanic
1059331,3213,M,Black
1059331,5605,F,Hispanic
1059331,5656,M,Hispanic
1059331,7920,M,Black
1059346,4045,F,White
1059347,2182,M,White
1059373,7512,M,White
1059434,3864,M,White
1059488,5087,M,White
1059490,3515,M,White
1059490,6198,F,Hispanic
1059514,8878,M,White
1059523,369,M,Black
1059546,1134,M,Hispanic
1059546,7856,M,Asian
1059557,8834,M,Black
1059565,4304,M,Hispanic
1059565,6476,M,Hispanic
1059608,8721,F,White
1059611,8462,M,Black
1059611,5627,M,White
1059618,642,M,White
1059618,836,M,Black
1059618,8765,F,White
1059629,4634,M,White
1059629,8856,M,White
1059648,3387,M,White
1059651,7803,M,Asian
1059659,3575,F,White
1059659,5418,M,White
1059659,6703,F,Hispanic
1059665,7143,M,Asian
1059684,6200,F,White
1059701,4313,M,Hispanic
1059701,5627,M,White
1059713,8162,M,White
1059741,8550,M,Hispanic
1059741,3141,F,Hispanic
1059741,4148,M,Hispanic
1059741,6696,F,Hispanic
1059748,3855,M,Black
1059784,7853,M,White
1059808,3930,F,White
1059884,221,M,White
1059884,962,M,Hispanic
1059925,8547,M,Hispanic
1059925,8700,M,Hispanic
1059925,6528,F,White
1059925,6782,M,White
1059925,7636,M,Hispanic
1059937,5570,F,White
1059951,2563,M,White
1059951,8050,F,White
1059958,2064,M,White
1059974,,F,White
1060008,2107,M,White
1060064,5329,M,White
1060077,5620,M,White
1060084,7404,F,Black
1060098,3322,F,Black
1060142,6133,M,Black
1060160,3313,M,White
1060202,1046,M,Hispanic
1060250,3800,M,Black
1060250,7290,M,White
1060252,2375,M,White
1060252,2500,M,Hispanic
1060348,2371,M,White
1060348,3891,M,White
1060348,6047,M,Hispanic
1060375,3950,F,White
1060392,8624,M,White
1060392,7411,M,White
1060397,6280,F,Hispanic
1060403,6067,F,Black
1060403,6133,M,Black
1060403,6415,M,Black
1060450,1672,F,Black
1060462,8613,F,White
1060484,5394,M,White
1060541,665,F,Black
1060541,4917,M,White
1060567,238,M,Hispanic
1060579,2189,F,Hispanic
1060579,5079,M,White
1060580,5102,M,White
1060582,4800,M,White
1060582,7594,M,Hispanic
1060583,878,M,Black
1060583,1367,M,White
1060583,1678,M,White
1060583,2165,M,White
1060583,2738,M,Black
1060583,2790,M,Black
1060583,3317,M,White
1060583,8622,M,White
1060583,3805,M,White
1060583,4429,M,White
1060583,6506,M,White
1060583,7207,M,White
1060583,7515,M,White
1060583,8882,M,White
1060583,8914,M,White
1060599,8340,F,Black
1060599,2282,M,Hispanic
1060606,8675,F,White
1060637,,M,Hispanic
1060683,5699,M,Asian
1060692,3014,M,Black
1060729,1610,M,White
1060729,1741,F,Hispanic
1060729,187,F,Hispanic
1060730,1120,M,Hispanic
1060730,5558,M,White
1060730,7024,M,White
1060757,91,M,Hispanic
1060757,8372,M,Hispanic
1060757,966,M,White
1060757,2185,M,White
1060757,2311,M,Hispanic
1060757,8534,M,White
1060757,2702,M,Hispanic
1060757,8641,M,White
1060757,4204,M,White
1060757,4293,M,Hispanic
1060757,8672,M,Hispanic
1060757,5835,M,Black
1060757,6188,M,Hispanic
1060757,8835,M,Black
1060757,8854,M,White
1060757,8918,M,White
1060758,8405,F,Black
1060758,8916,M,Black
1060770,8599,M,Black
1060774,4345,F,Black
1060774,8748,M,Black
1060774,7385,F,Black
1060779,8350,M,Hispanic
1060779,5572,F,White
1060795,8695,F,Black
1060826,2529,M,Black
1060826,4948,M,Black
1060861,4754,F,Black
1060926,,M,Black
1060973,5809,M,White
1061027,3533,M,White
1061058,8477,M,White
1061058,2688,M,Hispanic
1061058,2792,M,White
1061058,3128,M,Hispanic
1061058,8609,M,Hispanic
1061058,4289,M,Hispanic
1061058,4797,M,White
1061058,6631,M,White
1061058,7551,M,White
1061058,8882,M,White
1061117,439,M,White
1061117,1626,M,Native American
1061117,4449,M,Hispanic
1061117,7163,M,White
1061129,2486,M,Hispanic
1061129,2581,M,White
1061129,3316,M,White
1061129,5469,F,White
1061150,3482,M,White
1061154,8528,M,Black
1061154,5294,M,Black
1061196,734,F,Black
1061196,1777,M,White
1061219,7528,M,Black
1061223,102,F,White
1061223,8403,F,Black
1061223,8410,M,White
1061223,4905,M,Hispanic
1061250,4749,F,White
1061258,5846,M,Black
1061265,8551,F,Hispanic
1061265,3501,F,White
1061265,5702,F,Black
1061265,7115,M,Black
1061265,8843,M,Black
1061308,3533,M,White
1061308,7792,M,White
1061309,1967,M,Black
1061309,6142,M,Hispanic
1061309,6771,M,White
1061309,7018,M,Black
1061309,7383,M,White
1061309,8102,M,Black
1061358,305,M,White
1061358,1440,M,Hispanic
1061358,4534,F,Black
1061358,7490,M,Hispanic
1061399,4378,M,White
1061399,5541,F,Hispanic
1061418,8473,F,White
1061418,4858,M,White
1061471,1853,F,Black
1061479,7522,M,White
1061481,439,M,White
1061481,8640,M,White
1061491,8578,F,White
1061492,5772,F,Hispanic
1061494,2312,M,Hispanic
1061514,7498,M,Hispanic
1061525,863,F,Hispanic
1061525,6680,M,Hispanic
1061527,1097,M,White
1061545,5618,M,White
1061545,7714,M,Hispanic
1061558,3581,F,Black
1061558,4133,F,Black
1061618,358,M,White
1061618,2405,M,Hispanic
1061618,2875,M,White
1061618,3361,F,Hispanic
1061618,8881,M,White
1061715,362,M,White
1061715,1422,M,Hispanic
1061715,4097,M,White
1061715,4323,M,Hispanic
1061715,5347,M,White
1061715,6394,M,Hispanic
1061758,8371,F,White
1061758,8629,F,White
1061801,1466,M,White
1061801,8764,M,Hispanic
1061801,8826,F,White
1061820,8427,F,Black
1061820,8558,M,Black
1061820,8560,F,Black
1061825,8650,M,White
1061826,5790,F,Hispanic
1061832,,F,White
1061833,5330,F,Black
1061833,6956,M,Black
1061842,,M,White
1061851,4805,M,White
1061851,7690,M,White
1061885,8891,F,Black
1061898,1687,M,Hispanic
1061898,2116,M,Hispanic
1061900,2282,M,Hispanic
1061900,3401,F,Black
1061900,3581,F,Black
1061902,149,M,White
1061902,322,M,White
1061903,5354,M,Hispanic
1061906,1537,M,Hispanic
1061906,8474,M,White
1061918,4142,M,White
1061918,6012,M,White
1061920,8367,M,Hispanic
1061920,2594,M,White
1061920,7629,M,Hispanic
1061932,5058,M,Black
1061983,8400,M,White
1061983,8509,M,White
1061983,3528,M,White
1061983,4407,M,White
1061983,7303,F,Hispanic
1062005,6428,M,White
1062131,3002,M,Black
1062181,2873,M,White
1062181,4142,M,White
1062181,6109,M,Hispanic
1062190,8537,M,White
1062190,2674,M,White
1062190,3465,M,White
1062190,3919,M,White
1062190,6705,M,Hispanic
1062259,8348,F,White
1062265,8453,M,White
1062276,8783,M,White
1062310,1611,M,White
1062310,5839,M,White
1062325,8876,F,Black
1062331,4263,M,White
1062332,8881,M,White
1062355,4726,M,White
1062385,144,F,Black
1062385,1659,F,Black
1062441,400,F,White
1062448,8788,M,White
1062451,8847,M,White
1062461,4526,M,White
1062494,3124,M,Hispanic
1062494,6912,M,White
1062505,3181,F,White
1062505,8334,M,White
1062519,2572,M,White
1062583,1145,M,Hispanic
1062617,2096,M,Hispanic
1062629,8478,M,Black
1062662,4003,M,White
1062688,4399,M,White
1062689,6633,M,White
1062751,3906,M,White
1062751,5025,M,White
1062751,7661,M,White
1062799,,M,Black
1062820,8920,M,White
1062832,8383,M,Asian
1062838,4600,M,White
1062847,4032,M,Asian
1062865,2699,F,Hispanic
1062865,7362,F,Black
1062883,8485,F,White
1062896,7907,M,White
1062929,501,M,Hispanic
1062929,1989,M,White
1062929,8845,M,White
1062929,7277,F,White
1062951,774,M,White
1062951,8641,M,White
1062951,8835,M,Black
1062951,8918,M,White
1062956,6750,M,White
1062978,748,F,White
1062978,1123,M,White
1062978,8656,M,White
1062978,6989,M,White
1063003,527,M,White
1063003,8713,F,White
1063003,6537,M,White
1063004,3002,M,Black
1063004,3235,M,White
1063016,8797,F,Hispanic
1063037,6001,F,Black
1063059,5160,M,White
1063096,6850,M,White
1063111,5329,M,White
1063111,8742,M,White
1063111,7988,M,White
1063111,8207,M,White
1063157,8088,M,Black
1063178,6929,M,Black
1063195,955,M,White
1063319,4888,M,Hispanic
1063333,4104,M,White
1063349,1250,M,White
1063349,5143,M,White
1063349,6988,M,White
1063352,6786,M,White
1063371,547,M,White
1063371,8844,M,White
1063397,606,M,White
1063397,8756,M,Hispanic
1063400,226,M,White
1063407,2787,M,Native American
1063407,3745,M,White
1063424,8841,F,Black
1063456,8864,F,Black
1063482,8729,F,White
1063486,961,M,White
1063486,2572,M,White
1063488,8371,F,White
1063489,8371,F,White
1063519,8556,M,Black
1063527,946,M,Black
1063527,3637,M,Black
1063527,5579,F,Black
1063532,598,M,White
1063532,8486,M,White
1063532,8693,M,Black
1063535,8371,F,White
1063553,8796,M,White
1063564,3363,M,White
1063569,1573,M,White
1063583,2051,F,Black
1063593,1854,M,White
1063610,5226,M,White
1063610,5329,M,White
1063610,7988,M,White
1063626,3322,F,Black
1063648,2845,F,White
1063648,6265,F,Black
1063668,2813,F,Black
1063700,461,M,Black
1063700,7128,M,White
1063735,169,M,White
1063735,1564,M,White
1063735,2730,M,Hispanic
1063735,2846,M,White
1063735,2996,M,White
1063735,5985,M,White
1063735,6966,M,White
1063803,4861,M,White
1063821,2251,M,White
1063821,4866,M,White
1063825,5431,M,White
1063859,6327,M,White
1063866,8545,M,White
1063870,6292,M,Hispanic
1063874,1852,M,White
1063874,3117,M,White
1063874,3124,M,Hispanic
1063874,5052,F,Hispanic
1063874,6461,M,Hispanic
1063874,6917,M,Black
1063874,7348,F,Hispanic
1063874,7737,M,Hispanic
1063874,7946,M,Black
1063878,8828,M,White
1063892,4909,M,Hispanic
1063892,8824,F,White
1063933,738,M,White
1063933,2126,M,Black
1063935,528,M,White
1063935,1191,M,White
1063935,4966,M,White
1063950,8086,M,Black
1063962,1880,M,White
1063969,4479,M,White
1063969,5261,M,Hispanic
1063969,5944,M,White
1063969,6493,M,White
1063969,7393,M,White
1063973,2284,F,Hispanic
1063973,8596,M,White
1063973,8803,M,White
1063996,1567,F,White
1064039,3459,M,White
1064042,8421,M,Black
1064089,3326,M,White
1064089,7912,M,Asian
1064101,7896,M,Black
1064140,8486,M,White
1064148,5903,M,White
1064150,4486,F,White
1064180,8568,F,White
1064218,753,M,Black
1064218,1051,M,Black
1064218,1843,M,Black
1064218,4918,F,White
1064218,7900,M,Black
1064233,8363,F,White
1064233,8404,F,Black
1064268,1185,F,White
1064268,8471,M,White
1064268,2828,M,White
1064268,4151,M,White
1064297,4088,M,White
1064323,5339,M,Hispanic
1064324,770,M,Black
1064324,935,M,Black
1064340,1523,F,Black
1064369,8853,F,White
1064389,986,M,Hispanic
1064389,6597,M,Hispanic
1064419,8536,F,Black
1064453,8633,F,White
1064453,8657,M,White
1064492,8544,M,Black
1064492,7245,M,White
1064492,8874,F,White
1064495,684,M,Black
1064495,8809,M,Hispanic
1064534,1068,M,White
1064534,7322,F,White
1064552,8668,F,Hispanic
1064568,804,M,White
1064568,1106,M,Hispanic
1064568,8476,M,Hispanic
1064568,8493,M,Black
1064568,8513,M,White
1064568,8527,M,White
1064568,2357,F,Hispanic
1064568,2634,F,Black
1064568,3978,M,White
1064568,8661,M,White
1064568,8889,F,White
1064568,7958,M,Black
1064568,8149,M,White
1064662,375,M,Black
1064662,7835,M,Black
1064727,1690,M,Hispanic
1064727,3619,M,Black
1064727,3900,M,White
1064734,7475,M,Hispanic
1064754,1647,M,Black
1064754,2699,F,Hispanic
1064754,4643,M,Black
1064754,7362,F,Black
1064854,142,M,Hispanic
1064854,1330,M,Black
1064854,3304,M,Black
1064854,5896,M,White
1064877,3784,F,White
1064877,6077,M,Hispanic
1064886,1737,M,Hispanic
1064886,6555,M,White
1064895,6644,M,Hispanic
1064895,6810,M,Black
1064912,2309,F,Black
1064958,1090,M,Hispanic
1064958,2195,M,White
1064958,4012,M,White
1064958,6778,M,White
1065005,2829,M,White
1065005,3728,M,White
1065020,4940,M,White
1065027,8458,M,White
1065038,8625,M,White
1065043,3326,M,White
1065052,1636,M,White
1065052,2545,M,White
1065052,4506,M,White
1065052,8839,M,Hispanic
1065052,7989,M,White
1065057,8413,M,White
1065057,8737,F,Black
1065057,7899,M,Black
1065076,6896,F,Black
1065091,272,M,White
1065091,1939,F,Hispanic
1065091,2737,M,Hispanic
1065091,2879,M,Hispanic
1065091,3466,M,White
1065091,8624,M,White
1065091,8641,M,White
1065091,5636,M,White
1065091,7411,M,White
1065091,8871,M,White
1065115,5424,F,White
1065173,1894,M,Hispanic
1065173,8701,M,Hispanic
1065184,529,M,White
1065184,4313,M,Hispanic
1065184,6375,M,White
1065189,849,F,Hispanic
1065189,8638,M,White
1065200,1259,M,Hispanic
1065200,8464,M,Black
1065200,1611,M,White
1065200,2078,M,White
1065200,2768,M,White
1065200,2969,M,White
1065200,4940,M,White
1065200,5293,M,Black
1065200,5577,M,White
1065214,8308,M,White
1065236,6753,F,White
1065236,8857,M,Asian
1065264,309,F,Black
1065264,1075,F,Black
1065264,1407,M,Black
1065264,2212,M,Black
1065264,3539,M,Black
1065264,4708,F,Black
1065264,4994,M,Black
1065264,6768,M,White
1065264,8246,F,Black
1065264,7334,F,Black
1065264,7930,M,Black
1065270,3215,F,Black
1065270,6397,M,Asian
1065335,5413,M,White
1065336,5478,M,White
1065378,,M,White
1065383,4553,F,White
1065383,8259,M,White
1065428,8433,M,White
1065428,8687,M,White
1065428,6099,M,Hispanic
1065428,7629,M,Hispanic
1065449,828,F,White
1065485,479,M,Hispanic
1065503,5234,M,White
1065524,8031,M,White
1065524,8153,M,White
1065542,8401,M,White
1065542,1332,M,Black
1065542,8755,M,Hispanic
1065556,5027,M,White
1065559,7088,M,Hispanic
1065597,4040,M,White
1065597,4285,F,White
1065597,8002,F,White
1065687,2332,M,White
1065687,2655,M,White
1065706,8106,F,Black
1065722,1596,M,White
1065722,8480,M,White
1065722,2272,M,White
1065722,8628,M,Black
1065722,6083,F,Hispanic
1065722,7718,M,White
1065723,6390,M,Hispanic
1065729,4866,M,White
1065758,5883,M,White
1065758,8829,M,White
1065778,5256,M,White
1065812,245,F,Black
1065812,2189,F,Hispanic
1065814,1852,M,White
1065820,934,M,White
1065834,898,M,White
1065834,8656,M,White
1065865,2286,M,Hispanic
1065865,4301,M,Hispanic
1065901,1227,M,White
1065965,3809,M,White
1065984,4823,M,White
1065991,8580,M,Black
1066062,8487,M,White
1066117,8688,M,White
1066117,5137,M,White
1066142,597,M,White
1066218,7032,M,Black
1066220,310,M,White
1066265,4764,M,White
1066273,8362,F,Black
1066294,5073,F,Hispanic
1066294,8242,M,White
1066306,946,M,Black
1066309,3669,M,White
1066309,4004,M,White
1066309,4409,M,White
1066309,5476,M,White
1066309,6416,M,Hispanic
1066315,2920,M,Asian
1066315,3603,F,White
1066315,4802,M,White
1066315,6995,M,White
1066322,1046,M,Hispanic
1066322,1316,M,White
1066361,16,M,Hispanic
1066361,7475,M,Hispanic
1066363,2386,F,White
1066378,8380,F,Hispanic
1066378,2096,M,Hispanic
1066378,2520,F,Black
1066378,8732,M,White
1066384,,M,White
1066402,2825,M,Black
1066418,3573,M,Black
1066430,1572,M,White
1066484,8642,F,White
1066489,7123,M,White
1066529,8028,M,Black
1066553,2117,M,Hispanic
1066599,6599,M,Black
1066614,3332,M,Black
1066614,4948,M,Black
1066614,4973,M,White
1066646,8595,F,White
1066646,3777,M,White
1066655,8533,M,White
1066656,4670,M,Black
1066673,8445,F,Black
1066673,2154,M,Black
1066673,8658,F,Black
1066673,8919,F,White
1066681,8739,M,Hispanic
1066697,2730,M,Hispanic
1066697,2846,M,White
1066697,3874,M,White
1066697,5183,M,White
1066697,5985,M,White
1066697,6966,M,White
1066697,7342,M,White
1066697,7987,M,White
1066697,8051,M,White
1066710,525,M,White
1066710,1630,M,White
1066713,2629,M,Black
1066756,8465,M,White
1066781,1734,M,White
1066781,3669,M,White
1066781,4409,M,White
1066781,6416,M,Hispanic
1066825,1443,F,Hispanic
1066825,4770,F,White
1066828,8662,F,White
1066828,4387,M,White
1066870,281,M,White
1066870,435,M,White
1066870,3573,M,Black
1066870,3837,M,Asian
1066870,3891,M,White
1066870,6457,M,Hispanic
1066870,7128,M,White
1066916,,M,White
1066953,8410,M,White
1066953,8780,M,White
1066961,1230,M,Black
1066961,8456,M,White
1066961,2029,M,White
1066961,3285,M,Black
1066961,8623,F,Black
1066961,3800,M,Black
1066961,8752,M,Black
1066961,7007,M,Black
1066993,8432,F,Black
1066997,7137,F,White
1067027,8420,M,Hispanic
1067027,6165,M,White
1067052,601,F,Black
1067052,5298,M,Black
1067056,622,M,White
1067088,186,M,Black
1067181,7903,F,Black
1067194,141,M,Asian
1067194,4012,M,White
1067194,4295,M,Hispanic
1067194,6184,M,Hispanic
1067194,6461,M,Hispanic
1067194,6679,M,Hispanic
1067201,5892,F,White
1067204,5063,F,Black
1067217,235,M,Hispanic
1067233,8747,M,White
1067272,8799,M,Hispanic
1067272,7759,M,Hispanic
1067276,8384,M,White
1067276,2025,M,White
1067276,8523,F,White
1067276,8704,M,Hispanic
1067292,286,M,Hispanic
1067292,6524,M,White
1067300,,M,White
1067349,7893,M,Black
1067393,,M,White
1067418,8438,M,Black
1067418,1904,F,White
1067418,2681,M,White
1067418,8795,F,Hispanic
1067425,855,M,White
1067436,843,F,Black
1067436,6027,M,White
1067465,1301,M,White
1067465,5425,M,White
1067494,8836,M,Black
1067502,8804,M,Asian
1067526,6786,M,White
1067550,500,F,Hispanic
1067550,7320,M,White
1067553,1223,M,Asian
1067611,8865,F,White
1067615,3841,M,Black
1067615,4536,M,Black
1067615,5120,M,Black
1067615,5121,M,Asian
1067615,5965,F,Black
1067615,6160,M,Black
1067615,6961,M,Black
1067622,8392,F,Black
1067622,8479,M,White
1067622,4653,F,Black
1067622,6066,M,White
1067628,8474,M,White
1067628,8497,M,Black
1067628,2603,M,White
1067628,3046,M,Black
1067628,3765,M,White
1067628,4776,M,White
1067628,6185,M,White
1067628,7381,M,White
1067628,8040,M,White
1067646,2083,M,Hispanic
1067654,8867,F,Black
1067691,1640,F,White
1067714,3395,F,Black
1067748,5976,M,White
1067748,6622,M,Hispanic
1067748,7739,M,White
1067758,2315,M,White
1067759,8743,M,Hispanic
1067759,8763,M,White
1067759,6222,M,Hispanic
1067778,4749,F,White
1067791,8374,F,Black
1067791,3277,F,Black
1067807,186,M,Black
1067807,579,M,White
1067807,875,F,Black
1067807,5045,M,Black
1067807,5722,M,Hispanic
1067807,5782,M,Hispanic
1067807,6666,M,Hispanic
1067807,7596,M,White
1067807,7946,M,Black
1067807,8316,M,White
1067813,8575,M,White
1067864,3240,M,White
1067864,8727,M,White
1067876,529,M,White
1067876,722,M,White
1067876,1636,M,White
1067876,2308,M,White
1067876,3133,M,Hispanic
1067876,3823,M,White
1067876,4059,M,White
1067876,4073,M,White
1067876,5635,M,White
1067876,6918,M,White
1067941,8861,M,Black
1067982,,F,White
1068001,5467,M,Black
1068033,1106,M,Hispanic
1068033,7958,M,Black
1068041,317,M,White
1068041,8519,M,White
1068048,8830,F,Black
1068048,8257,M,White
1068060,4785,M,Black
1068060,6666,M,Hispanic
1068062,110,M,Asian
1068062,1166,M,Black
1068062,6064,F,White
1068070,8852,F,White
1068071,5314,M,White
1068087,,M,Hispanic
1068189,8850,M,White
1068191,229,M,Asian
1068191,362,M,White
1068191,396,M,Hispanic
1068191,402,M,White
1068191,1328,M,Black
1068191,1372,M,White
1068191,1851,M,Hispanic
1068191,1891,M,White
1068191,3795,M,White
1068191,4261,M,White
1068191,5640,M,White
1068191,5649,M,White
1068191,7627,M,White
1068191,8055,M,Black
1068193,5675,M,Black
1068207,2631,M,White
1068253,5783,M,Hispanic
1068255,,F,White
1068258,8424,F,Black
1068258,8430,M,White
1068270,8351,M,Hispanic
1068270,6097,M,Hispanic
1068270,6539,M,White
1068273,701,M,White
1068273,980,M,White
1068273,1475,M,White
1068273,2460,M,White
1068273,3710,M,White
1068273,5589,M,White
1068273,5976,M,White
1068273,6092,M,Hispanic
1068273,6622,M,Hispanic
1068273,7179,M,Hispanic
1068274,3002,M,Black
1068301,1904,F,White
1068308,8585,F,White
1068308,4873,M,Hispanic
1068309,476,F,White
1068309,1422,M,Hispanic
1068309,4097,M,White
1068309,5296,F,White
1068309,5508,M,White
1068309,7686,M,Hispanic
1068340,8598,M,Black
1068340,3827,M,White
1068340,5820,M,White
1068352,8356,M,Hispanic
1068352,8664,M,White
1068352,4891,M,Hispanic
1068381,3482,M,White
1068381,8638,M,White
1068381,4757,M,White
1068381,5759,M,Hispanic
1068385,1014,F,Hispanic
1068385,8444,M,White
1068395,8554,F,Black
1068395,4368,M,Hispanic
1068395,4426,M,White
1068397,4288,F,Hispanic
1068406,126,M,Hispanic
1068406,999,M,Hispanic
1068406,518,F,White
1068406,8189,M,Black
1068457,7051,M,White
1068475,1331,M,Black
1068475,5939,M,White
1068485,1041,M,Hispanic
1068486,3860,M,White
1068486,8744,M,Black
1068494,1327,M,White
1068494,8543,M,White
1068494,8866,M,Hispanic
1068506,1869,F,Black
1068506,3358,F,Black
1068587,682,M,White
1068614,281,M,White
1068614,1441,M,Hispanic
1068614,2191,M,Hispanic
1068614,2875,M,White
1068614,3650,M,Black
1068614,3891,M,White
1068614,8832,F,Black
1068634,669,M,White
1068634,6064,F,White
1068634,6127,M,White
1068634,6214,M,Asian
1068664,4536,M,Black
1068770,801,M,Black
1068770,2183,M,White
1068794,1297,M,Black
1068794,3187,M,White
1068794,5705,M,Black
1068851,1771,M,Black
1068851,4182,M,Black
1068851,5815,M,Black
1068875,8524,M,White
1068907,548,M,White
1068907,701,M,White
1068907,980,M,White
1068907,1253,M,White
1068907,2460,M,White
1068907,5589,M,White
1068907,7179,M,Hispanic
1068914,8670,F,White
1068926,1196,M,White
1068926,4793,M,White
1068926,4886,M,Hispanic
1068926,5513,M,White
1068926,7662,M,Hispanic
1068926,8009,M,White
1069025,8524,M,White
1069039,1677,F,White
1069039,2542,M,Hispanic
1069039,3113,F,Black
1069039,3884,M,Black
1069051,2395,M,White
1069070,8052,F,Black
1069082,364,M,Black
1069082,1626,M,Native American
1069082,3560,M,Black
1069082,3720,M,White
1069082,4809,M,White
1069082,5442,M,White
1069082,5389,M,White
1069082,6913,M,White
1069082,7163,M,White
1069174,5097,M,White
1069176,8391,M,White
1069176,6401,M,Hispanic
1069176,6410,M,Hispanic
1069179,6208,M,Hispanic
1069191,2664,M,White
1069221,5527,M,Hispanic
1069222,3635,M,Black
1069222,6814,M,White
1069222,8698,M,White
1069222,6619,M,Hispanic
1069222,7482,F,Hispanic
1069257,8398,M,Hispanic
1069260,8494,M,White
1069260,4267,M,Asian
1069262,7555,M,White
1069279,6074,M,White
1069306,7510,M,Hispanic
1069324,2835,F,White
1069335,2445,M,Black
1069362,3476,M,White
1069376,1933,F,Hispanic
1069376,6037,M,White
1069388,3372,F,Native American
1069410,7696,F,Hispanic
1069417,8529,F,Black
1069432,4571,M,Hispanic
1069445,4196,M,Black
1069445,5475,M,White
1069448,7792,M,White
1069455,7230,M,White
1069462,3591,M,Black
1069466,6225,M,White
1069518,632,M,Black
1069518,3141,F,Hispanic
1069518,8634,M,White
1069518,4623,M,White
1069518,5063,F,Black
1069518,5103,F,Hispanic
1069518,6363,M,Hispanic
1069518,7645,M,Black
1069518,7708,M,Hispanic
1069518,7719,M,Hispanic
1069518,8125,M,White
1069518,8308,M,White
1069521,8353,F,Hispanic
1069521,7288,F,White
1069528,243,F,Native American
1069528,6337,M,Black
1069613,2545,M,White
1069617,1046,M,Hispanic
1069639,1426,F,Black
1069690,8667,M,White
1069700,2469,M,Hispanic
1069700,4299,M,Hispanic
1069700,8672,M,Hispanic
1069700,8287,F,Hispanic
1069702,2233,M,White
1069705,6302,M,Hispanic
1069725,7002,M,White
1069752,977,M,Black
1069798,,M,Hispanic
1069825,2123,M,Black
1069863,8439,M,White
1069864,1030,M,White
1069864,8448,F,White
1069864,8601,M,White
1069864,8703,M,Hispanic
1069870,1608,M,White
1069870,3303,M,Black
1069946,6479,F,Hispanic
1070041,6192,M,White
1070041,8820,M,Asian
1070053,5225,M,White
1070128,1100,M,White
1070128,3141,F,Hispanic
1070128,5854,M,White
1070130,897,M,White
1070130,1676,M,White
1070130,5598,M,White
1070159,4425,M,White
1070159,8766,M,Hispanic
1070159,8897,F,Black
1070210,8344,M,White
1070210,8745,M,White
1070210,6025,M,Black
1070219,4083,F,Hispanic
1070219,8518,M,White
1070239,8363,F,White
1070239,4064,M,White
1070239,8782,F,White
1070239,8827,M,Asian
1070257,6445,M,Hispanic
1070340,,M,White
1070354,6023,M,Black
1070359,4764,M,White
1070363,8784,F,White
1070370,568,M,Hispanic
1070413,222,M,White
1070413,1291,M,White
1070413,6555,M,White
1070413,7002,M,White
1070428,8870,M,White
1070446,8719,M,Hispanic
1070528,8552,M,Hispanic
1070528,3956,F,White
1070532,6078,F,Hispanic
1070559,825,F,White
1070573,6620,M,Hispanic
1070606,7314,M,White
1070613,2845,F,White
1070643,49,M,Hispanic
1070643,85,M,Hispanic
1070643,8358,M,Hispanic
1070643,1013,M,Hispanic
1070643,2364,M,White
1070643,8535,M,Hispanic
1070643,3124,M,Hispanic
1070643,4359,M,White
1070643,4733,F,White
1070643,5151,M,White
1070643,6086,M,Hispanic
1070643,6307,M,Hispanic
1070643,6613,M,Asian
1070643,6694,M,Hispanic
1070643,7439,F,White
1070661,221,M,White
1070691,2970,M,White
1070691,3775,M,White
1070691,7174,M,White
1070701,7599,M,White
1070730,1630,M,White
1070730,4008,M,Black
1070744,8538,M,White
1070746,245,F,Black
1070746,3639,M,Black
1070746,8762,F,White
1070746,6283,F,White
1070746,7445,M,Asian
1070784,8368,M,White
1070784,8616,M,Black
1070792,164,M,Hispanic
1070792,8530,F,Hispanic
1070799,2158,F,Black
1070821,6369,M,White
1070821,6391,M,Hispanic
1070824,1679,M,White
1070900,,M,White
1070911,7255,M,Black
1071088,8644,M,White
1071088,8811,F,Hispanic
1071101,640,M,Hispanic
1071141,816,M,White
1071141,1081,M,Black
1071141,4124,M,Black
1071141,4144,M,White
1071141,4164,M,White
1071141,4612,M,Hispanic
1071141,4615,M,Hispanic
1071141,5354,M,Hispanic
1071141,5614,F,White
1071141,5653,M,White
1071141,7594,M,Hispanic
1071141,8001,M,White
1071149,1461,M,Black
1071149,3182,M,Black
1071207,7630,F,Hispanic
1071219,5066,M,Hispanic
1071226,461,M,Black
1071226,2191,M,Hispanic
1071226,3573,M,Black
1071279,854,M,White
1071279,8470,M,Black
1071279,2872,M,White
1071279,3729,M,White
1071279,8643,F,White
1071279,4694,M,White
1071279,8697,M,White
1071279,5222,M,White
1071279,8722,M,White
1071279,8821,M,White
1071283,8423,M,Black
1071283,1149,M,Hispanic
1071283,2074,F,Black
1071283,6556,M,White
1071303,4636,F,White
1071319,5539,M,White
1071322,8512,M,Hispanic
1071330,606,M,White
1071330,8414,M,White
1071330,8541,M,White
1071330,5346,M,White
1071330,6107,M,Hispanic
1071355,8872,M,White
1071486,1774,M,Black
1071486,5840,M,White
1071486,7006,M,Black
1071486,8912,F,White
1071499,1773,M,Black
1071499,4498,M,White
1071517,3278,M,Black
1071517,6546,M,Hispanic
1071609,8594,M,White
1071609,3246,M,Black
1071609,8833,M,White
1071616,8791,M,Hispanic
1071629,4259,M,White
1071629,4958,F,White
1071631,8457,M,Hispanic
1071631,7459,M,Asian
1071672,1291,M,White
1071672,8459,M,White
1071672,2151,M,Hispanic
1071672,3035,M,White
1071672,3189,M,White
1071672,3497,M,White
1071672,5753,M,Black
1071672,5869,M,Black
1071672,6555,M,White
1071672,7002,M,White
1071672,8298,M,Hispanic
1071711,400,F,White
1071711,8851,F,Black
1071723,872,M,White
1071733,1169,M,White
1071733,1894,M,Hispanic
1071733,2207,M,White
1071733,2264,M,White
1071733,2673,M,White
1071733,3150,M,Hispanic
1071733,3906,M,White
1071733,8701,M,Hispanic
1071733,8720,M,White
1071733,8888,M,White
1071740,8463,M,Black
1071740,8498,M,Black
1071740,8683,M,White
1071740,8909,M,Black
1071829,3492,F,White
1071841,8416,F,Black
1071843,2498,F,Hispanic
1071843,8568,F,White
1071843,8615,M,Black
1071843,8764,M,Hispanic
1071843,8855,M,White
1071850,3076,M,Black
1071850,8775,F,Black
1071853,143,M,White
1071853,237,M,Hispanic
1071853,353,M,White
1071853,914,M,White
1071853,1093,M,Hispanic
1071853,1820,M,White
1071853,2174,M,White
1071853,2223,F,White
1071853,5254,M,White
1071853,5552,M,Hispanic
1071853,5846,M,Black
1071853,8880,F,White
1071880,1200,F,White
1071886,3835,M,Asian
1071886,8754,M,White
1071886,8768,M,White
1071886,8917,M,Asian
1071905,2064,M,White
1071905,2366,M,White
1071968,8402,M,Black
1071968,3675,M,White
1071968,4218,M,Asian
1071968,5483,M,Hispanic
1071986,2030,M,White
1071992,5032,M,Hispanic
1071992,7671,M,Hispanic
1072046,8462,M,Black
1072046,4313,M,Hispanic
1072098,8830,F,Black
1072128,1690,M,Hispanic
1072128,2427,M,White
1072128,3832,M,White
1072128,4304,M,Hispanic
1072128,4627,M,Black
1072138,8794,M,Hispanic
1072148,1475,M,White
1072148,3710,M,White
1072148,6092,M,Hispanic
1072148,6622,M,Hispanic
1072148,6938,M,Hispanic
1072148,7393,M,White
1072148,7739,M,White
1072169,8521,M,White
1072169,8611,M,White
1072169,3805,M,White
1072169,5439,M,White
1072169,5650,M,White
1072170,2139,M,White
1072198,8176,M,White
1072201,7327,M,White
1072319,8606,F,Hispanic
1072367,4378,M,White
1072382,285,M,White
1072408,5780,M,Hispanic
1072409,1246,M,White
1072409,8451,M,White
1072409,4726,M,White
1072414,8467,M,Hispanic
1072414,8486,M,White
1072414,8710,M,Black
1072418,8706,F,Asian
1072449,8381,M,White
1072449,2047,M,Black
1072449,4623,M,White
1072449,8738,M,Asian
1072482,319,M,White
1072482,8506,M,Asian
1072482,3479,M,White
1072519,961,M,White
1072519,1907,M,White
1072519,1910,M,White
1072519,2572,M,White
1072519,6580,M,White
1072519,7494,M,Hispanic
1072519,8301,M,White
1072519,8310,M,Hispanic
1072527,260,M,White
1072527,8400,M,White
1072527,1624,M,White
1072527,3567,M,White
1072527,8674,M,White
1072527,4767,M,White
1072527,5355,M,Hispanic
1072527,6588,M,White
1072527,6589,M,White
1072531,2185,M,White
1072531,4479,M,White
1072531,4887,M,Hispanic
1072531,5944,M,White
1072531,5996,M,White
1072531,6493,M,White
1072531,6847,M,Hispanic
1072531,7501,M,Hispanic
1072531,7820,M,Black
1072539,7450,M,Hispanic
1072554,8345,M,Black
1072554,2089,M,Hispanic
1072554,8522,M,White
1072554,2314,F,Hispanic
1072554,2545,M,White
1072554,3361,F,Hispanic
1072554,6237,F,White
1072554,6485,M,Hispanic
1072554,8832,F,Black
1072554,7165,M,White
1072554,7845,M,White
1072576,496,M,White
1072576,5740,M,Hispanic
1072623,1941,M,White
1072623,8624,M,White
1072623,8773,M,Hispanic
1072623,7867,M,Black
1072632,654,M,White
1072632,2392,M,White
1072632,2694,M,Hispanic
1072632,4167,M,White
1072636,1455,M,Black
1072636,8559,F,White
1072636,8911,M,White
1072664,8490,M,White
1072665,8915,M,Black
1072666,2346,M,Black
1072760,4666,M,White
1072771,651,M,White
1072776,4509,M,White
1072776,7523,M,White
1072776,7792,M,White
1072838,6368,F,White
1072858,4991,F,Black
1072865,3131,M,Hispanic
1072865,5374,M,White
1072865,8765,F,White
1072880,1589,M,Black
1072880,1687,M,Hispanic
1072922,439,M,White
1072922,731,M,White
1072922,1310,M,Black
1072922,1781,M,White
1072922,3330,M,Black
1072922,3821,M,White
1072922,4850,F,Hispanic
1072924,176,M,White
1072924,1154,M,Hispanic
1072924,3067,M,White
1072924,4101,M,White
1072924,8765,F,White
1072924,6317,M,White
1072924,8815,M,White
1072953,4985,M,Black
1072999,377,M,White
1072999,682,M,White
1073008,8447,M,Hispanic
1073008,8875,F,Black
1073037,8835,M,Black
1073037,8854,M,White
1073050,7322,F,White
1073050,7765,M,Hispanic
1073059,8818,M,White
1073070,675,M,White
1073070,1461,M,Black
1073070,1530,F,Hispanic
1073070,2125,M,White
1073070,2151,M,Hispanic
1073070,2492,M,Hispanic
1073070,3182,M,Black
1073070,4053,M,Black
1073070,4087,M,White
1073070,6882,F,Black
1073070,7369,F,Black
1073070,7505,M,Hispanic
1073076,2092,M,Hispanic
1073076,4560,M,Black
1073081,5912,M,White
1073098,8817,M,White
1073098,8862,M,Black
1073123,8338,M,White
1073123,372,M,White
1073123,876,F,White
1073123,1155,M,Hispanic
1073123,3180,M,Hispanic
1073123,5102,M,White
1073123,5588,M,White
1073123,5646,M,White
1073123,7937,M,Black
1073132,5267,M,White
1073132,7925,M,Black
1073134,8887,M,White
1073166,727,M,White
1073166,8555,M,Black
1073183,2476,M,Hispanic
1073183,3008,M,Black
1073183,8779,M,White
1073183,8057,F,Black
1073183,8065,M,Black
1073185,874,M,Black
1073196,8474,M,White
1073196,3796,M,Hispanic
1073196,6677,M,Black
1073196,7381,M,White
1073227,8724,F,White
1073227,6282,M,White
1073264,3710,M,White
1073264,5461,M,White
1073264,5482,M,White
1073264,5589,M,White
1073264,5940,M,White
1073264,7873,M,Black
1073271,8767,M,White
1073271,7735,M,Hispanic
1073276,303,F,Hispanic
1073276,2896,F,Hispanic
1073276,6433,M,Hispanic
1073276,7641,M,Hispanic
1073282,8830,F,Black
1073295,4734,M,White
1073295,6570,M,White
1073323,6872,M,White
1073324,7370,F,Black
1073329,465,F,White
1073329,5073,F,Hispanic
1073329,7045,F,White
1073347,6995,M,White
1073354,418,M,Hispanic
1073354,2534,M,White
1073379,7719,M,Hispanic
1073410,8457,M,Hispanic
1073410,5868,M,White
1073410,7593,M,White
1073457,8440,M,White
1073457,3266,M,White
1073458,616,M,Black
1073458,3585,M,Black
1073528,3061,M,White
1073528,4632,F,White
1073532,1075,F,Black
1073532,1078,M,Black
1073532,1407,M,Black
1073532,8673,M,Hispanic
1073532,4878,M,White
1073532,4994,M,Black
1073532,5396,M,White
1073532,6505,M,White
1073532,7858,M,Black
1073532,7930,M,Black
1073554,8901,F,White
1073617,418,M,Hispanic
1073617,8394,M,White
1073617,8502,M,White
1073617,8590,M,Black
1073617,8591,M,White
1073617,8091,M,Black
1073621,7925,M,Black
1073634,954,M,Hispanic
1073643,8454,F,White
1073643,7094,M,Hispanic
1073648,424,M,White
1073705,8489,M,White
1073705,8692,F,White
1073705,6757,F,White
1073738,2238,M,White
1073738,3853,M,White
1073738,7464,M,Black
1073749,7593,M,White
1073771,8567,M,Hispanic
1073771,7295,M,White
1073771,7663,M,Hispanic
1073831,2751,M,White
1073831,5460,M,White
1073875,6142,M,Hispanic
1073897,4194,M,Black
1073899,383,M,Hispanic
1073899,7512,M,White
1073905,1049,F,Black
1073925,,M,White
1073940,2758,M,White
1073982,1285,M,White
1074112,3521,M,White
1074112,8691,M,White
1074112,8099,M,Black
1074113,2401,M,Black
1074113,8813,M,Black
1074143,8665,M,White
1074207,4287,M,WHITE
1074212,94,M,SPANISH (DO NOT USE)
1074236,5146,M,BLACK
1074279,6103,F,WHITE
1074312,2576,M,WHITE
1074323,5293,M,BLACK
1074360,,M,SPANISH (DO NOT USE)
1074385,6538,M,WHITE
1074397,832,M,WHITE
1074399,8927,M,WHITE
1074399,8928,M,WHITE
1074411,8357,M,WHITE
1074411,1331,M,BLACK
1074430,8929,M,WHITE HISPANIC
1074504,1475,M,WHITE
1074504,3482,M,WHITE
1074504,5572,F,WHITE
1074504,5826,M,BLACK
1074504,5976,M,WHITE
1074504,7393,M,WHITE
1074514,2907,M,WHITE
1074514,6972,M,WHITE
1074527,4034,M,ASIAN/PACIFIC ISLANDER
1074529,6226,M,WHITE
1074558,6817,F,WHITE
1074608,8930,F,WHITE
1074608,4604,M,WHITE
1074613,8931,F,WHITE
1074613,3784,F,WHITE
1074619,4554,F,WHITE
1074619,8928,M,WHITE
1074659,8932,M,BLACK
1074669,776,F,BLACK
1074669,3841,M,BLACK
1074669,6341,M,WHITE
1074669,8009,M,WHITE
1074669,8933,F,WHITE
1074685,771,M,BLACK
1074685,,M,BLACK
1074703,4505,M,WHITE
1074705,184,M,BLACK
1074705,4949,M,ASIAN/PACIFIC ISLANDER
1074705,5885,M,WHITE
1074721,1067,M,BLACK
1074759,,M,WHITE
1074767,2444,F,WHITE
1074774,3155,M,SPANISH (DO NOT USE)
1074774,4614,M,SPANISH (DO NOT USE)
1074789,2647,M,SPANISH (DO NOT USE)
1074789,6259,M,WHITE
1074789,,F,BLACK
1074829,893,M,BLACK
1074829,2284,F,SPANISH (DO NOT USE)
1074829,8934,M,WHITE
1074852,5821,M,WHITE
1074905,594,M,BLACK
1074905,8935,M,BLACK
1074905,6492,M,BLACK
1074907,6060,M,WHITE
1074927,8936,M,SPANISH (DO NOT USE)
1074927,2881,F,SPANISH (DO NOT USE)
1074927,,F,WHITE
1074927,8684,M,WHITE
1074927,5968,M,SPANISH (DO NOT USE)
1074927,8937,M,WHITE HISPANIC
1074927,6485,M,SPANISH (DO NOT USE)
1074927,8938,M,WHITE
1074943,367,F,BLACK
1074943,7017,M,BLACK
1074943,8939,M,WHITE
1074994,4098,M,WHITE
1075017,8940,F,WHITE
1075047,2214,M,WHITE
1075089,2470,M,SPANISH (DO NOT USE)
1075091,5031,M,SPANISH (DO NOT USE)
1075094,,F,WHITE
1075094,3778,M,WHITE
1075103,7159,M,WHITE
1075104,2006,M,WHITE
1075104,8941,M,WHITE
1075104,7045,F,WHITE
1075111,8942,F,BLACK
1075111,8724,F,WHITE
1075158,3086,F,WHITE
1075179,8943,M,WHITE
1075179,,M,BLACK
1075179,8944,M,WHITE
1075179,4446,M,SPANISH (DO NOT USE)
1075179,8945,M,WHITE
1075188,8946,M,SPANISH (DO NOT USE)
1075188,140,M,SPANISH (DO NOT USE)
1075188,1145,M,SPANISH (DO NOT USE)
1075188,1528,M,SPANISH (DO NOT USE)
1075188,8947,M,WHITE
1075188,2364,M,WHITE
1075188,4058,M,SPANISH (DO NOT USE)
1075225,3358,F,BLACK
1075241,5368,M,WHITE
1075283,8948,M,BLACK
1075283,1731,F,BLACK
1075283,8205,M,BLACK
1075297,,M,WHITE
1075325,5643,M,SPANISH (DO NOT USE)
1075389,2796,M,BLACK
1075403,8949,M,WHITE HISPANIC
1075403,6221,M,SPANISH (DO NOT USE)
1075427,,M,SPANISH (DO NOT USE)
1075453,,M,WHITE
1075460,5749,M,BLACK
1075460,8906,F,BLACK
1075465,172,M,WHITE HISPANIC
1075479,8462,M,BLACK
1075479,2125,M,WHITE
1075479,2301,M,WHITE
1075479,4087,M,WHITE
1075479,4313,M,SPANISH (DO NOT USE)
1075479,8950,F,SPANISH (DO NOT USE)
1075479,8167,M,WHITE
1075490,,F,WHITE
1075542,3568,M,BLACK
1075542,6204,M,AMER IND/ALASKAN NATIVE
1075542,,M,UNKNOWN
1075586,5605,F,SPANISH (DO NOT USE)
1075589,8951,M,WHITE
1075607,614,M,WHITE
1075631,2835,F,WHITE
1075637,6700,M,SPANISH (DO NOT USE)
1075667,8952,M,BLACK
1075667,8953,F,WHITE HISPANIC
1075683,8954,M,ASIAN/PACIFIC ISLANDER
1075683,8773,M,SPANISH (DO NOT USE)
1075691,8955,M,WHITE
1075706,,M,WHITE
1075727,6575,M,WHITE
1075750,2052,M,BLACK
1075750,2369,M,BLACK
1075750,2480,F,WHITE
1075750,8956,M,WHITE
1075750,3259,M,BLACK
1075750,8957,M,WHITE
1075750,8958,M,WHITE
1075750,8959,M,BLACK
1075750,8960,M,WHITE
1075750,7973,M,BLACK
1075763,6078,F,SPANISH (DO NOT USE)
1075784,,M,WHITE
1075831,3706,M,WHITE
1075838,8961,M,WHITE
1075839,8962,M,WHITE
1075891,8963,M,WHITE
1075891,,M,AMER IND/ALASKAN NATIVE
1075929,8964,M,WHITE
1075929,8965,M,UNKNOWN
1075955,583,M,ASIAN/PACIFIC ISLANDER
1075955,1141,M,SPANISH (DO NOT USE)
1075955,1710,M,WHITE
1075955,1937,M,BLACK
1075955,2040,F,SPANISH (DO NOT USE)
1075955,3481,M,WHITE
1075955,3588,M,WHITE
1075955,4933,M,WHITE
1075955,4990,F,BLACK
1075955,5450,M,SPANISH (DO NOT USE)
1075955,5848,M,WHITE
1075955,6413,M,SPANISH (DO NOT USE)
1075955,6527,M,SPANISH (DO NOT USE)
1075955,8966,M,WHITE
1075955,7206,M,WHITE
1075955,7666,M,WHITE
1075955,8967,M,BLACK
1075958,8968,M,BLACK
1076063,3995,M,WHITE
1076063,5150,M,WHITE
1076063,8969,M,WHITE
1076136,,F,BLACK
1076161,8970,M,BLACK
1076217,429,F,BLACK
1076229,6500,F,BLACK
1076229,,F,WHITE
1076274,,F,BLACK
1076307,,M,WHITE
1076312,,M,WHITE
1076341,7814,M,WHITE
1076357,260,M,WHITE
1076357,8971,M,WHITE
1076357,2907,M,WHITE
1076357,3646,M,WHITE
1076357,8972,F,WHITE
1076393,1333,M,SPANISH (DO NOT USE)
1076398,98,F,BLACK
1076403,,F,WHITE
1076413,5389,M,WHITE
1076413,5442,M,WHITE
1076512,1101,M,WHITE
1076540,8973,F,BLACK
1076596,8436,F,BLACK
1076629,2015,M,WHITE
1076629,8578,F,WHITE
1076629,3835,M,ASIAN/PACIFIC ISLANDER
1076629,8865,F,WHITE
1076665,8974,M,WHITE
1076665,1472,F,WHITE
1076665,8975,M,WHITE
1076665,2487,M,SPANISH (DO NOT USE)
1076706,144,F,BLACK
1076740,4169,M,WHITE
1076743,2976,F,WHITE
1076778,8976,M,BLACK